{
"type": "FeatureCollection",
"name": "shimamoto_mesh500m_gi",
"crs": { "type": "name", "properties": { "name": "urn:ogc:def:crs:OGC:1.3:CRS84" } },
"features": [
{ "type": "Feature", "properties": { "mesh4_code": "523525323", "gi_score_mode": 5.0, "n_valid": 64, "infil_suitable_ratio": 0.42622951, "paddy_frac": 0.29936212, "diversity_mean": 0.38853753, "lc_valid": 625, "urban_frac": 0.752, "forest_frac": 0.0048, "agri_frac": 0.0784, "paddy_jaxa": 0.152, "water_jaxa": 0.0, "dev_ratio_v2_2020_2024": -0.72, "terrain_dev_type_v2_2020_2024": "B_GI整備候補地", "dev_ratio_v2_2011_2022": 32.773333333333333, "terrain_dev_type_v2_2011_2022": "A_最優先介入地", "dev_pos_count_v1": 232, "dev_neg_count_v1": 171, "dev_zero_count_v1": 3347, "dev_total_v1": 3750, "dev_sum_v1": 61, "dev_ratio_v1": 1.63, "gi_pressure_score_v1": 0.081, "gi_conservation_score_v1": 0.0, "terrain_dev_type_v1": "B_GI整備候補地", "priority_rank_v1": 4, "dev_ratio": -0.72, "gi_pressure_score": 0.0, "gi_conservation_score": 0.036, "terrain_dev_type": "B_GI整備候補地", "priority_rank": 2 }, "geometry": { "type": "Polygon", "coordinates": [ [ [ 135.65625, 34.8625 ], [ 135.65625, 34.866666666666667 ], [ 135.65, 34.866666666666667 ], [ 135.65, 34.8625 ], [ 135.65625, 34.8625 ] ] ] } },
{ "type": "Feature", "properties": { "mesh4_code": "523525324", "gi_score_mode": 5.0, "n_valid": 64, "infil_suitable_ratio": 0.71875, "paddy_frac": 0.3068862, "diversity_mean": 0.35604507, "lc_valid": 625, "urban_frac": 0.6672, "forest_frac": 0.0, "agri_frac": 0.0496, "paddy_jaxa": 0.2352, "water_jaxa": 0.0256, "dev_ratio_v2_2020_2024": -8.48, "terrain_dev_type_v2_2020_2024": "C_自然資本保全地", "dev_ratio_v2_2011_2022": 28.533333333333331, "terrain_dev_type_v2_2011_2022": "A_最優先介入地", "dev_pos_count_v1": 350, "dev_neg_count_v1": 208, "dev_zero_count_v1": 3192, "dev_total_v1": 3750, "dev_sum_v1": 142, "dev_ratio_v1": 3.79, "gi_pressure_score_v1": 0.19, "gi_conservation_score_v1": 0.0, "terrain_dev_type_v1": "B_GI整備候補地", "priority_rank_v1": 5, "dev_ratio": -8.48, "gi_pressure_score": 0.0, "gi_conservation_score": 0.424, "terrain_dev_type": "C_自然資本保全地", "priority_rank": 2 }, "geometry": { "type": "Polygon", "coordinates": [ [ [ 135.6625, 34.8625 ], [ 135.6625, 34.866666666666667 ], [ 135.65625, 34.866666666666667 ], [ 135.65625, 34.8625 ], [ 135.6625, 34.8625 ] ] ] } },
{ "type": "Feature", "properties": { "mesh4_code": "523525333", "gi_score_mode": 5.0, "n_valid": 64, "infil_suitable_ratio": 0.0, "paddy_frac": 0.11105683, "diversity_mean": 0.76065469, "lc_valid": 625, "urban_frac": 0.5504, "forest_frac": 0.0032, "agri_frac": 0.2368, "paddy_jaxa": 0.0656, "water_jaxa": 0.0528, "dev_ratio_v2_2020_2024": -4.08, "terrain_dev_type_v2_2020_2024": "B_GI整備候補地", "dev_ratio_v2_2011_2022": 11.573333333333332, "terrain_dev_type_v2_2011_2022": "A_最優先介入地", "dev_pos_count_v1": 176, "dev_neg_count_v1": 44, "dev_zero_count_v1": 3530, "dev_total_v1": 3750, "dev_sum_v1": 132, "dev_ratio_v1": 3.52, "gi_pressure_score_v1": 0.176, "gi_conservation_score_v1": 0.0, "terrain_dev_type_v1": "B_GI整備候補地", "priority_rank_v1": 5, "dev_ratio": -4.08, "gi_pressure_score": 0.0, "gi_conservation_score": 0.204, "terrain_dev_type": "B_GI整備候補地", "priority_rank": 2 }, "geometry": { "type": "Polygon", "coordinates": [ [ [ 135.66875, 34.8625 ], [ 135.66875, 34.866666666666667 ], [ 135.6625, 34.866666666666667 ], [ 135.6625, 34.8625 ], [ 135.66875, 34.8625 ] ] ] } },
{ "type": "Feature", "properties": { "mesh4_code": "523525334", "gi_score_mode": 5.0, "n_valid": 64, "infil_suitable_ratio": 0.0, "paddy_frac": 0.00087737112, "diversity_mean": 0.71814239, "lc_valid": 625, "urban_frac": 0.0064, "forest_frac": 0.1248, "agri_frac": 0.5104, "paddy_jaxa": 0.0, "water_jaxa": 0.1072, "dev_ratio_v2_2020_2024": -1.28, "terrain_dev_type_v2_2020_2024": "B_GI整備候補地", "dev_ratio_v2_2011_2022": 1.52, "terrain_dev_type_v2_2011_2022": "B_GI整備候補地", "dev_pos_count_v1": 118, "dev_neg_count_v1": 65, "dev_zero_count_v1": 3567, "dev_total_v1": 3750, "dev_sum_v1": 53, "dev_ratio_v1": 1.41, "gi_pressure_score_v1": 0.07, "gi_conservation_score_v1": 0.0, "terrain_dev_type_v1": "B_GI整備候補地", "priority_rank_v1": 4, "dev_ratio": -1.28, "gi_pressure_score": 0.0, "gi_conservation_score": 0.064, "terrain_dev_type": "B_GI整備候補地", "priority_rank": 2 }, "geometry": { "type": "Polygon", "coordinates": [ [ [ 135.675, 34.8625 ], [ 135.675, 34.866666666666667 ], [ 135.66875, 34.866666666666667 ], [ 135.66875, 34.8625 ], [ 135.675, 34.8625 ] ] ] } },
{ "type": "Feature", "properties": { "mesh4_code": "523525343", "gi_score_mode": 5.0, "n_valid": 64, "infil_suitable_ratio": 0.703125, "paddy_frac": 0.0075362409, "diversity_mean": 0.41248187, "lc_valid": 625, "urban_frac": 0.8576, "forest_frac": 0.0, "agri_frac": 0.1264, "paddy_jaxa": 0.0048, "water_jaxa": 0.0, "dev_ratio_v2_2020_2024": -2.1066666666666669, "terrain_dev_type_v2_2020_2024": "B_GI整備候補地", "dev_ratio_v2_2011_2022": 6.3466666666666676, "terrain_dev_type_v2_2011_2022": "A_最優先介入地", "dev_pos_count_v1": 93, "dev_neg_count_v1": 6, "dev_zero_count_v1": 3651, "dev_total_v1": 3750, "dev_sum_v1": 87, "dev_ratio_v1": 2.32, "gi_pressure_score_v1": 0.116, "gi_conservation_score_v1": 0.0, "terrain_dev_type_v1": "B_GI整備候補地", "priority_rank_v1": 4, "dev_ratio": -2.1066666666666669, "gi_pressure_score": 0.0, "gi_conservation_score": 0.105, "terrain_dev_type": "B_GI整備候補地", "priority_rank": 2 }, "geometry": { "type": "Polygon", "coordinates": [ [ [ 135.68125, 34.8625 ], [ 135.68125, 34.866666666666667 ], [ 135.675, 34.866666666666667 ], [ 135.675, 34.8625 ], [ 135.68125, 34.8625 ] ] ] } },
{ "type": "Feature", "properties": { "mesh4_code": "523525412", "gi_score_mode": 1.5, "n_valid": 64, "infil_suitable_ratio": null, "paddy_frac": 0.025035836, "diversity_mean": 0.66772789, "lc_valid": 625, "urban_frac": 0.1616, "forest_frac": 0.3296, "agri_frac": 0.0176, "paddy_jaxa": 0.0, "water_jaxa": 0.0, "dev_ratio_v2_2020_2024": 10.133333333333333, "terrain_dev_type_v2_2020_2024": "D_開発監視地", "dev_ratio_v2_2011_2022": 15.093333333333334, "terrain_dev_type_v2_2011_2022": "D_開発監視地", "dev_pos_count_v1": 4, "dev_neg_count_v1": 384, "dev_zero_count_v1": 3362, "dev_total_v1": 3750, "dev_sum_v1": -380, "dev_ratio_v1": -10.13, "gi_pressure_score_v1": 0.0, "gi_conservation_score_v1": 0.152, "terrain_dev_type_v1": "E_低優先回復地", "priority_rank_v1": 2, "dev_ratio": 10.133333333333333, "gi_pressure_score": 0.152, "gi_conservation_score": 0.0, "terrain_dev_type": "D_開発監視地", "priority_rank": 5 }, "geometry": { "type": "Polygon", "coordinates": [ [ [ 135.65, 34.866666666666667 ], [ 135.65, 34.870833333333337 ], [ 135.64375, 34.870833333333337 ], [ 135.64375, 34.866666666666667 ], [ 135.65, 34.866666666666667 ] ] ] } },
{ "type": "Feature", "properties": { "mesh4_code": "523525421", "gi_score_mode": 1.5, "n_valid": 64, "infil_suitable_ratio": 1.0, "paddy_frac": 0.14294478, "diversity_mean": 0.67279345, "lc_valid": 625, "urban_frac": 0.1808, "forest_frac": 0.1616, "agri_frac": 0.0704, "paddy_jaxa": 0.0576, "water_jaxa": 0.0, "dev_ratio_v2_2020_2024": 2.1333333333333333, "terrain_dev_type_v2_2020_2024": "F_安定低適地", "dev_ratio_v2_2011_2022": 11.973333333333333, "terrain_dev_type_v2_2011_2022": "D_開発監視地", "dev_pos_count_v1": 106, "dev_neg_count_v1": 177, "dev_zero_count_v1": 3467, "dev_total_v1": 3750, "dev_sum_v1": -71, "dev_ratio_v1": -1.89, "gi_pressure_score_v1": 0.0, "gi_conservation_score_v1": 0.028, "terrain_dev_type_v1": "F_安定低適地", "priority_rank_v1": 2, "dev_ratio": 2.1333333333333333, "gi_pressure_score": 0.032, "gi_conservation_score": 0.0, "terrain_dev_type": "F_安定低適地", "priority_rank": 4 }, "geometry": { "type": "Polygon", "coordinates": [ [ [ 135.65625, 34.866666666666667 ], [ 135.65625, 34.870833333333337 ], [ 135.65, 34.870833333333337 ], [ 135.65, 34.866666666666667 ], [ 135.65625, 34.866666666666667 ] ] ] } },
{ "type": "Feature", "properties": { "mesh4_code": "523525422", "gi_score_mode": 5.0, "n_valid": 64, "infil_suitable_ratio": 0.95161289, "paddy_frac": 0.15930559, "diversity_mean": 0.46417943, "lc_valid": 625, "urban_frac": 0.8464, "forest_frac": 0.0, "agri_frac": 0.0304, "paddy_jaxa": 0.1168, "water_jaxa": 0.0, "dev_ratio_v2_2020_2024": -4.0533333333333328, "terrain_dev_type_v2_2020_2024": "B_GI整備候補地", "dev_ratio_v2_2011_2022": 10.133333333333333, "terrain_dev_type_v2_2011_2022": "A_最優先介入地", "dev_pos_count_v1": 165, "dev_neg_count_v1": 41, "dev_zero_count_v1": 3544, "dev_total_v1": 3750, "dev_sum_v1": 124, "dev_ratio_v1": 3.31, "gi_pressure_score_v1": 0.166, "gi_conservation_score_v1": 0.0, "terrain_dev_type_v1": "B_GI整備候補地", "priority_rank_v1": 5, "dev_ratio": -4.0533333333333328, "gi_pressure_score": 0.0, "gi_conservation_score": 0.203, "terrain_dev_type": "B_GI整備候補地", "priority_rank": 2 }, "geometry": { "type": "Polygon", "coordinates": [ [ [ 135.6625, 34.866666666666667 ], [ 135.6625, 34.870833333333337 ], [ 135.65625, 34.870833333333337 ], [ 135.65625, 34.866666666666667 ], [ 135.6625, 34.866666666666667 ] ] ] } },
{ "type": "Feature", "properties": { "mesh4_code": "523525431", "gi_score_mode": 5.0, "n_valid": 64, "infil_suitable_ratio": 0.25, "paddy_frac": 0.053956535, "diversity_mean": 0.62704468, "lc_valid": 625, "urban_frac": 0.952, "forest_frac": 0.0, "agri_frac": 0.0272, "paddy_jaxa": 0.0, "water_jaxa": 0.0, "dev_ratio_v2_2020_2024": -0.69333333333333336, "terrain_dev_type_v2_2020_2024": "B_GI整備候補地", "dev_ratio_v2_2011_2022": 4.5333333333333332, "terrain_dev_type_v2_2011_2022": "B_GI整備候補地", "dev_pos_count_v1": 42, "dev_neg_count_v1": 13, "dev_zero_count_v1": 3695, "dev_total_v1": 3750, "dev_sum_v1": 29, "dev_ratio_v1": 0.77, "gi_pressure_score_v1": 0.038, "gi_conservation_score_v1": 0.0, "terrain_dev_type_v1": "B_GI整備候補地", "priority_rank_v1": 3, "dev_ratio": -0.69333333333333336, "gi_pressure_score": 0.0, "gi_conservation_score": 0.035, "terrain_dev_type": "B_GI整備候補地", "priority_rank": 2 }, "geometry": { "type": "Polygon", "coordinates": [ [ [ 135.66875, 34.866666666666667 ], [ 135.66875, 34.870833333333337 ], [ 135.6625, 34.870833333333337 ], [ 135.6625, 34.866666666666667 ], [ 135.66875, 34.866666666666667 ] ] ] } },
{ "type": "Feature", "properties": { "mesh4_code": "523525432", "gi_score_mode": 5.0, "n_valid": 64, "infil_suitable_ratio": 0.0, "paddy_frac": 0.01195359, "diversity_mean": 0.73519909, "lc_valid": 625, "urban_frac": 0.0256, "forest_frac": 0.1232, "agri_frac": 0.3008, "paddy_jaxa": 0.0016, "water_jaxa": 0.2496, "dev_ratio_v2_2020_2024": -7.04, "terrain_dev_type_v2_2020_2024": "C_自然資本保全地", "dev_ratio_v2_2011_2022": 8.4266666666666676, "terrain_dev_type_v2_2011_2022": "A_最優先介入地", "dev_pos_count_v1": 277, "dev_neg_count_v1": 14, "dev_zero_count_v1": 3459, "dev_total_v1": 3750, "dev_sum_v1": 263, "dev_ratio_v1": 7.01, "gi_pressure_score_v1": 0.35, "gi_conservation_score_v1": 0.0, "terrain_dev_type_v1": "A_最優先介入地", "priority_rank_v1": 5, "dev_ratio": -7.04, "gi_pressure_score": 0.0, "gi_conservation_score": 0.352, "terrain_dev_type": "C_自然資本保全地", "priority_rank": 2 }, "geometry": { "type": "Polygon", "coordinates": [ [ [ 135.675, 34.866666666666667 ], [ 135.675, 34.870833333333337 ], [ 135.66875, 34.870833333333337 ], [ 135.66875, 34.866666666666667 ], [ 135.675, 34.866666666666667 ] ] ] } },
{ "type": "Feature", "properties": { "mesh4_code": "523525441", "gi_score_mode": 5.0, "n_valid": 64, "infil_suitable_ratio": 0.546875, "paddy_frac": 0.0038580783, "diversity_mean": 0.58307189, "lc_valid": 625, "urban_frac": 0.6688, "forest_frac": 0.0, "agri_frac": 0.2832, "paddy_jaxa": 0.0176, "water_jaxa": 0.0, "dev_ratio_v2_2020_2024": -1.36, "terrain_dev_type_v2_2020_2024": "B_GI整備候補地", "dev_ratio_v2_2011_2022": 12.693333333333335, "terrain_dev_type_v2_2011_2022": "A_最優先介入地", "dev_pos_count_v1": 55, "dev_neg_count_v1": 4, "dev_zero_count_v1": 3691, "dev_total_v1": 3750, "dev_sum_v1": 51, "dev_ratio_v1": 1.36, "gi_pressure_score_v1": 0.068, "gi_conservation_score_v1": 0.0, "terrain_dev_type_v1": "B_GI整備候補地", "priority_rank_v1": 4, "dev_ratio": -1.36, "gi_pressure_score": 0.0, "gi_conservation_score": 0.068, "terrain_dev_type": "B_GI整備候補地", "priority_rank": 2 }, "geometry": { "type": "Polygon", "coordinates": [ [ [ 135.68125, 34.866666666666667 ], [ 135.68125, 34.870833333333337 ], [ 135.675, 34.870833333333337 ], [ 135.675, 34.866666666666667 ], [ 135.68125, 34.866666666666667 ] ] ] } },
{ "type": "Feature", "properties": { "mesh4_code": "523525442", "gi_score_mode": 4.5, "n_valid": 64, "infil_suitable_ratio": 1.0, "paddy_frac": 0.0081480397, "diversity_mean": 0.52859473, "lc_valid": 625, "urban_frac": 0.968, "forest_frac": 0.0, "agri_frac": 0.0064, "paddy_jaxa": 0.0, "water_jaxa": 0.0, "dev_ratio_v2_2020_2024": -0.16, "terrain_dev_type_v2_2020_2024": "B_GI整備候補地", "dev_ratio_v2_2011_2022": 3.52, "terrain_dev_type_v2_2011_2022": "B_GI整備候補地", "dev_pos_count_v1": 14, "dev_neg_count_v1": 4, "dev_zero_count_v1": 3732, "dev_total_v1": 3750, "dev_sum_v1": 10, "dev_ratio_v1": 0.27, "gi_pressure_score_v1": 0.012, "gi_conservation_score_v1": 0.0, "terrain_dev_type_v1": "B_GI整備候補地", "priority_rank_v1": 2, "dev_ratio": -0.16, "gi_pressure_score": 0.0, "gi_conservation_score": 0.007, "terrain_dev_type": "B_GI整備候補地", "priority_rank": 1 }, "geometry": { "type": "Polygon", "coordinates": [ [ [ 135.6875, 34.866666666666667 ], [ 135.6875, 34.870833333333337 ], [ 135.68125, 34.870833333333337 ], [ 135.68125, 34.866666666666667 ], [ 135.6875, 34.866666666666667 ] ] ] } },
{ "type": "Feature", "properties": { "mesh4_code": "523525414", "gi_score_mode": 1.5, "n_valid": 64, "infil_suitable_ratio": null, "paddy_frac": 8.2623301e-06, "diversity_mean": 0.60260588, "lc_valid": 625, "urban_frac": 0.0, "forest_frac": 0.5376, "agri_frac": 0.0, "paddy_jaxa": 0.0, "water_jaxa": 0.0, "dev_ratio_v2_2020_2024": 0.0, "terrain_dev_type_v2_2020_2024": "F_安定低適地", "dev_ratio_v2_2011_2022": 0.0, "terrain_dev_type_v2_2011_2022": "F_安定低適地", "dev_pos_count_v1": 0, "dev_neg_count_v1": 0, "dev_zero_count_v1": 3750, "dev_total_v1": 3750, "dev_sum_v1": 0, "dev_ratio_v1": 0.0, "gi_pressure_score_v1": 0.0, "gi_conservation_score_v1": 0.0, "terrain_dev_type_v1": "F_安定低適地", "priority_rank_v1": 1, "dev_ratio": 0.0, "gi_pressure_score": 0.0, "gi_conservation_score": 0.0, "terrain_dev_type": "F_安定低適地", "priority_rank": 1 }, "geometry": { "type": "Polygon", "coordinates": [ [ [ 135.65, 34.87083333333333 ], [ 135.65, 34.875 ], [ 135.64375, 34.875 ], [ 135.64375, 34.87083333333333 ], [ 135.65, 34.87083333333333 ] ] ] } },
{ "type": "Feature", "properties": { "mesh4_code": "523525423", "gi_score_mode": 1.5, "n_valid": 64, "infil_suitable_ratio": 1.0, "paddy_frac": 0.028241996, "diversity_mean": 0.62994057, "lc_valid": 625, "urban_frac": 0.064, "forest_frac": 0.2256, "agri_frac": 0.0208, "paddy_jaxa": 0.0, "water_jaxa": 0.0, "dev_ratio_v2_2020_2024": -0.29333333333333328, "terrain_dev_type_v2_2020_2024": "F_安定低適地", "dev_ratio_v2_2011_2022": 1.44, "terrain_dev_type_v2_2011_2022": "F_安定低適地", "dev_pos_count_v1": 19, "dev_neg_count_v1": 7, "dev_zero_count_v1": 3724, "dev_total_v1": 3750, "dev_sum_v1": 12, "dev_ratio_v1": 0.32, "gi_pressure_score_v1": 0.005, "gi_conservation_score_v1": 0.0, "terrain_dev_type_v1": "F_安定低適地", "priority_rank_v1": 2, "dev_ratio": -0.29333333333333328, "gi_pressure_score": 0.0, "gi_conservation_score": 0.004, "terrain_dev_type": "F_安定低適地", "priority_rank": 1 }, "geometry": { "type": "Polygon", "coordinates": [ [ [ 135.65625, 34.87083333333333 ], [ 135.65625, 34.875 ], [ 135.65, 34.875 ], [ 135.65, 34.87083333333333 ], [ 135.65625, 34.87083333333333 ] ] ] } },
{ "type": "Feature", "properties": { "mesh4_code": "523525424", "gi_score_mode": 5.0, "n_valid": 64, "infil_suitable_ratio": 1.0, "paddy_frac": 0.10104898, "diversity_mean": 0.54604721, "lc_valid": 625, "urban_frac": 0.936, "forest_frac": 0.0064, "agri_frac": 0.0112, "paddy_jaxa": 0.0032, "water_jaxa": 0.0, "dev_ratio_v2_2020_2024": -0.93333333333333357, "terrain_dev_type_v2_2020_2024": "B_GI整備候補地", "dev_ratio_v2_2011_2022": 10.48, "terrain_dev_type_v2_2011_2022": "A_最優先介入地", "dev_pos_count_v1": 68, "dev_neg_count_v1": 35, "dev_zero_count_v1": 3647, "dev_total_v1": 3750, "dev_sum_v1": 33, "dev_ratio_v1": 0.88, "gi_pressure_score_v1": 0.044, "gi_conservation_score_v1": 0.0, "terrain_dev_type_v1": "B_GI整備候補地", "priority_rank_v1": 3, "dev_ratio": -0.93333333333333357, "gi_pressure_score": 0.0, "gi_conservation_score": 0.047, "terrain_dev_type": "B_GI整備候補地", "priority_rank": 2 }, "geometry": { "type": "Polygon", "coordinates": [ [ [ 135.6625, 34.87083333333333 ], [ 135.6625, 34.875 ], [ 135.65625, 34.875 ], [ 135.65625, 34.87083333333333 ], [ 135.6625, 34.87083333333333 ] ] ] } },
{ "type": "Feature", "properties": { "mesh4_code": "523525433", "gi_score_mode": 5.0, "n_valid": 64, "infil_suitable_ratio": 0.90625, "paddy_frac": 0.10907923, "diversity_mean": 0.34280565, "lc_valid": 625, "urban_frac": 0.7792, "forest_frac": 0.0016, "agri_frac": 0.0048, "paddy_jaxa": 0.2096, "water_jaxa": 0.0, "dev_ratio_v2_2020_2024": -3.7333333333333338, "terrain_dev_type_v2_2020_2024": "B_GI整備候補地", "dev_ratio_v2_2011_2022": 4.4, "terrain_dev_type_v2_2011_2022": "B_GI整備候補地", "dev_pos_count_v1": 149, "dev_neg_count_v1": 7, "dev_zero_count_v1": 3594, "dev_total_v1": 3750, "dev_sum_v1": 142, "dev_ratio_v1": 3.79, "gi_pressure_score_v1": 0.19, "gi_conservation_score_v1": 0.0, "terrain_dev_type_v1": "B_GI整備候補地", "priority_rank_v1": 5, "dev_ratio": -3.7333333333333338, "gi_pressure_score": 0.0, "gi_conservation_score": 0.187, "terrain_dev_type": "B_GI整備候補地", "priority_rank": 2 }, "geometry": { "type": "Polygon", "coordinates": [ [ [ 135.66875, 34.87083333333333 ], [ 135.66875, 34.875 ], [ 135.6625, 34.875 ], [ 135.6625, 34.87083333333333 ], [ 135.66875, 34.87083333333333 ] ] ] } },
{ "type": "Feature", "properties": { "mesh4_code": "523525434", "gi_score_mode": 5.0, "n_valid": 64, "infil_suitable_ratio": 0.0, "paddy_frac": 0.062292088, "diversity_mean": 0.74360567, "lc_valid": 625, "urban_frac": 0.2192, "forest_frac": 0.1856, "agri_frac": 0.1264, "paddy_jaxa": 0.0592, "water_jaxa": 0.1072, "dev_ratio_v2_2020_2024": -5.2, "terrain_dev_type_v2_2020_2024": "C_自然資本保全地", "dev_ratio_v2_2011_2022": 7.28, "terrain_dev_type_v2_2011_2022": "A_最優先介入地", "dev_pos_count_v1": 202, "dev_neg_count_v1": 10, "dev_zero_count_v1": 3538, "dev_total_v1": 3750, "dev_sum_v1": 192, "dev_ratio_v1": 5.12, "gi_pressure_score_v1": 0.256, "gi_conservation_score_v1": 0.0, "terrain_dev_type_v1": "A_最優先介入地", "priority_rank_v1": 5, "dev_ratio": -5.2, "gi_pressure_score": 0.0, "gi_conservation_score": 0.26, "terrain_dev_type": "C_自然資本保全地", "priority_rank": 2 }, "geometry": { "type": "Polygon", "coordinates": [ [ [ 135.675, 34.87083333333333 ], [ 135.675, 34.875 ], [ 135.66875, 34.875 ], [ 135.66875, 34.87083333333333 ], [ 135.675, 34.87083333333333 ] ] ] } },
{ "type": "Feature", "properties": { "mesh4_code": "523525443", "gi_score_mode": 5.0, "n_valid": 64, "infil_suitable_ratio": 0.12280702, "paddy_frac": 0.02541255, "diversity_mean": 0.79548174, "lc_valid": 625, "urban_frac": 0.352, "forest_frac": 0.0112, "agri_frac": 0.36, "paddy_jaxa": 0.0, "water_jaxa": 0.1216, "dev_ratio_v2_2020_2024": -7.9466666666666672, "terrain_dev_type_v2_2020_2024": "C_自然資本保全地", "dev_ratio_v2_2011_2022": 29.25333333333333, "terrain_dev_type_v2_2011_2022": "A_最優先介入地", "dev_pos_count_v1": 316, "dev_neg_count_v1": 10, "dev_zero_count_v1": 3424, "dev_total_v1": 3750, "dev_sum_v1": 306, "dev_ratio_v1": 8.16, "gi_pressure_score_v1": 0.408, "gi_conservation_score_v1": 0.0, "terrain_dev_type_v1": "A_最優先介入地", "priority_rank_v1": 5, "dev_ratio": -7.9466666666666672, "gi_pressure_score": 0.0, "gi_conservation_score": 0.397, "terrain_dev_type": "C_自然資本保全地", "priority_rank": 2 }, "geometry": { "type": "Polygon", "coordinates": [ [ [ 135.68125, 34.87083333333333 ], [ 135.68125, 34.875 ], [ 135.675, 34.875 ], [ 135.675, 34.87083333333333 ], [ 135.68125, 34.87083333333333 ] ] ] } },
{ "type": "Feature", "properties": { "mesh4_code": "523525444", "gi_score_mode": 3.0, "n_valid": 64, "infil_suitable_ratio": 0.984375, "paddy_frac": 0.038377639, "diversity_mean": 0.67674667, "lc_valid": 625, "urban_frac": 0.8992, "forest_frac": 0.0, "agri_frac": 0.048, "paddy_jaxa": 0.0, "water_jaxa": 0.0, "dev_ratio_v2_2020_2024": -2.5333333333333332, "terrain_dev_type_v2_2020_2024": "F_安定低適地", "dev_ratio_v2_2011_2022": 14.48, "terrain_dev_type_v2_2011_2022": "D_開発監視地", "dev_pos_count_v1": 99, "dev_neg_count_v1": 17, "dev_zero_count_v1": 3634, "dev_total_v1": 3750, "dev_sum_v1": 82, "dev_ratio_v1": 2.19, "gi_pressure_score_v1": 0.066, "gi_conservation_score_v1": 0.0, "terrain_dev_type_v1": "F_安定低適地", "priority_rank_v1": 4, "dev_ratio": -2.5333333333333332, "gi_pressure_score": 0.0, "gi_conservation_score": 0.076, "terrain_dev_type": "F_安定低適地", "priority_rank": 2 }, "geometry": { "type": "Polygon", "coordinates": [ [ [ 135.6875, 34.87083333333333 ], [ 135.6875, 34.875 ], [ 135.68125, 34.875 ], [ 135.68125, 34.87083333333333 ], [ 135.6875, 34.87083333333333 ] ] ] } },
{ "type": "Feature", "properties": { "mesh4_code": "523525511", "gi_score_mode": 2.0, "n_valid": 64, "infil_suitable_ratio": null, "paddy_frac": 0.0, "diversity_mean": 0.39058506, "lc_valid": 625, "urban_frac": 0.0, "forest_frac": 0.984, "agri_frac": 0.0, "paddy_jaxa": 0.0, "water_jaxa": 0.0, "dev_ratio_v2_2020_2024": 0.0, "terrain_dev_type_v2_2020_2024": "F_安定低適地", "dev_ratio_v2_2011_2022": 0.0, "terrain_dev_type_v2_2011_2022": "F_安定低適地", "dev_pos_count_v1": 0, "dev_neg_count_v1": 0, "dev_zero_count_v1": 3750, "dev_total_v1": 3750, "dev_sum_v1": 0, "dev_ratio_v1": 0.0, "gi_pressure_score_v1": 0.0, "gi_conservation_score_v1": 0.0, "terrain_dev_type_v1": "F_安定低適地", "priority_rank_v1": 1, "dev_ratio": 0.0, "gi_pressure_score": 0.0, "gi_conservation_score": 0.0, "terrain_dev_type": "F_安定低適地", "priority_rank": 1 }, "geometry": { "type": "Polygon", "coordinates": [ [ [ 135.64375, 34.875 ], [ 135.64375, 34.87916666666667 ], [ 135.6375, 34.87916666666667 ], [ 135.6375, 34.875 ], [ 135.64375, 34.875 ] ] ] } },
{ "type": "Feature", "properties": { "mesh4_code": "523525512", "gi_score_mode": 2.0, "n_valid": 64, "infil_suitable_ratio": null, "paddy_frac": 0.0, "diversity_mean": 0.48322734, "lc_valid": 625, "urban_frac": 0.0, "forest_frac": 0.896, "agri_frac": 0.0032, "paddy_jaxa": 0.0, "water_jaxa": 0.0, "dev_ratio_v2_2020_2024": -0.08, "terrain_dev_type_v2_2020_2024": "F_安定低適地", "dev_ratio_v2_2011_2022": 0.026666666666666599, "terrain_dev_type_v2_2011_2022": "F_安定低適地", "dev_pos_count_v1": 3, "dev_neg_count_v1": 0, "dev_zero_count_v1": 3747, "dev_total_v1": 3750, "dev_sum_v1": 3, "dev_ratio_v1": 0.08, "gi_pressure_score_v1": 0.002, "gi_conservation_score_v1": 0.0, "terrain_dev_type_v1": "F_安定低適地", "priority_rank_v1": 2, "dev_ratio": -0.08, "gi_pressure_score": 0.0, "gi_conservation_score": 0.002, "terrain_dev_type": "F_安定低適地", "priority_rank": 1 }, "geometry": { "type": "Polygon", "coordinates": [ [ [ 135.65, 34.875 ], [ 135.65, 34.87916666666667 ], [ 135.64375, 34.87916666666667 ], [ 135.64375, 34.875 ], [ 135.65, 34.875 ] ] ] } },
{ "type": "Feature", "properties": { "mesh4_code": "523525521", "gi_score_mode": 2.0, "n_valid": 64, "infil_suitable_ratio": 1.0, "paddy_frac": 0.018763425, "diversity_mean": 0.63689721, "lc_valid": 625, "urban_frac": 0.0304, "forest_frac": 0.2944, "agri_frac": 0.0144, "paddy_jaxa": 0.0, "water_jaxa": 0.0, "dev_ratio_v2_2020_2024": -0.53333333333333333, "terrain_dev_type_v2_2020_2024": "F_安定低適地", "dev_ratio_v2_2011_2022": 0.45333333333333331, "terrain_dev_type_v2_2011_2022": "F_安定低適地", "dev_pos_count_v1": 44, "dev_neg_count_v1": 17, "dev_zero_count_v1": 3689, "dev_total_v1": 3750, "dev_sum_v1": 27, "dev_ratio_v1": 0.72, "gi_pressure_score_v1": 0.014, "gi_conservation_score_v1": 0.0, "terrain_dev_type_v1": "F_安定低適地", "priority_rank_v1": 2, "dev_ratio": -0.53333333333333333, "gi_pressure_score": 0.0, "gi_conservation_score": 0.011, "terrain_dev_type": "F_安定低適地", "priority_rank": 1 }, "geometry": { "type": "Polygon", "coordinates": [ [ [ 135.65625, 34.875 ], [ 135.65625, 34.87916666666667 ], [ 135.65, 34.87916666666667 ], [ 135.65, 34.875 ], [ 135.65625, 34.875 ] ] ] } },
{ "type": "Feature", "properties": { "mesh4_code": "523525522", "gi_score_mode": 4.0, "n_valid": 64, "infil_suitable_ratio": 1.0, "paddy_frac": 0.12582277, "diversity_mean": 0.542629, "lc_valid": 625, "urban_frac": 0.7536, "forest_frac": 0.0368, "agri_frac": 0.0912, "paddy_jaxa": 0.0, "water_jaxa": 0.0, "dev_ratio_v2_2020_2024": 4.4, "terrain_dev_type_v2_2020_2024": "B_GI整備候補地", "dev_ratio_v2_2011_2022": 25.38666666666667, "terrain_dev_type_v2_2011_2022": "A_最優先介入地", "dev_pos_count_v1": 220, "dev_neg_count_v1": 305, "dev_zero_count_v1": 3225, "dev_total_v1": 3750, "dev_sum_v1": -85, "dev_ratio_v1": -2.27, "gi_pressure_score_v1": 0.0, "gi_conservation_score_v1": 0.091, "terrain_dev_type_v1": "B_GI整備候補地", "priority_rank_v1": 2, "dev_ratio": 4.4, "gi_pressure_score": 0.176, "gi_conservation_score": 0.0, "terrain_dev_type": "B_GI整備候補地", "priority_rank": 5 }, "geometry": { "type": "Polygon", "coordinates": [ [ [ 135.6625, 34.875 ], [ 135.6625, 34.87916666666667 ], [ 135.65625, 34.87916666666667 ], [ 135.65625, 34.875 ], [ 135.6625, 34.875 ] ] ] } },
{ "type": "Feature", "properties": { "mesh4_code": "523525531", "gi_score_mode": 5.0, "n_valid": 64, "infil_suitable_ratio": 1.0, "paddy_frac": 0.10825061, "diversity_mean": 0.17300901, "lc_valid": 625, "urban_frac": 0.952, "forest_frac": 0.0, "agri_frac": 0.0064, "paddy_jaxa": 0.0304, "water_jaxa": 0.0, "dev_ratio_v2_2020_2024": -1.6, "terrain_dev_type_v2_2020_2024": "B_GI整備候補地", "dev_ratio_v2_2011_2022": 1.8666666666666669, "terrain_dev_type_v2_2011_2022": "B_GI整備候補地", "dev_pos_count_v1": 67, "dev_neg_count_v1": 14, "dev_zero_count_v1": 3669, "dev_total_v1": 3750, "dev_sum_v1": 53, "dev_ratio_v1": 1.41, "gi_pressure_score_v1": 0.07, "gi_conservation_score_v1": 0.0, "terrain_dev_type_v1": "B_GI整備候補地", "priority_rank_v1": 4, "dev_ratio": -1.6, "gi_pressure_score": 0.0, "gi_conservation_score": 0.08, "terrain_dev_type": "B_GI整備候補地", "priority_rank": 2 }, "geometry": { "type": "Polygon", "coordinates": [ [ [ 135.66875, 34.875 ], [ 135.66875, 34.87916666666667 ], [ 135.6625, 34.87916666666667 ], [ 135.6625, 34.875 ], [ 135.66875, 34.875 ] ] ] } },
{ "type": "Feature", "properties": { "mesh4_code": "523525532", "gi_score_mode": 5.0, "n_valid": 64, "infil_suitable_ratio": 0.234375, "paddy_frac": 0.049349919, "diversity_mean": 0.68854898, "lc_valid": 625, "urban_frac": 0.504, "forest_frac": 0.088, "agri_frac": 0.1536, "paddy_jaxa": 0.0144, "water_jaxa": 0.0, "dev_ratio_v2_2020_2024": -0.98666666666666658, "terrain_dev_type_v2_2020_2024": "B_GI整備候補地", "dev_ratio_v2_2011_2022": 6.8533333333333335, "terrain_dev_type_v2_2011_2022": "A_最優先介入地", "dev_pos_count_v1": 112, "dev_neg_count_v1": 45, "dev_zero_count_v1": 3593, "dev_total_v1": 3750, "dev_sum_v1": 67, "dev_ratio_v1": 1.79, "gi_pressure_score_v1": 0.09, "gi_conservation_score_v1": 0.0, "terrain_dev_type_v1": "B_GI整備候補地", "priority_rank_v1": 4, "dev_ratio": -0.98666666666666658, "gi_pressure_score": 0.0, "gi_conservation_score": 0.049, "terrain_dev_type": "B_GI整備候補地", "priority_rank": 2 }, "geometry": { "type": "Polygon", "coordinates": [ [ [ 135.675, 34.875 ], [ 135.675, 34.87916666666667 ], [ 135.66875, 34.87916666666667 ], [ 135.66875, 34.875 ], [ 135.675, 34.875 ] ] ] } },
{ "type": "Feature", "properties": { "mesh4_code": "523525541", "gi_score_mode": 5.0, "n_valid": 64, "infil_suitable_ratio": 0.0, "paddy_frac": 0.065325834, "diversity_mean": 0.81149411, "lc_valid": 625, "urban_frac": 0.1168, "forest_frac": 0.0976, "agri_frac": 0.2672, "paddy_jaxa": 0.0, "water_jaxa": 0.2192, "dev_ratio_v2_2020_2024": -3.04, "terrain_dev_type_v2_2020_2024": "B_GI整備候補地", "dev_ratio_v2_2011_2022": 13.706666666666669, "terrain_dev_type_v2_2011_2022": "A_最優先介入地", "dev_pos_count_v1": 178, "dev_neg_count_v1": 73, "dev_zero_count_v1": 3499, "dev_total_v1": 3750, "dev_sum_v1": 105, "dev_ratio_v1": 2.8, "gi_pressure_score_v1": 0.14, "gi_conservation_score_v1": 0.0, "terrain_dev_type_v1": "B_GI整備候補地", "priority_rank_v1": 4, "dev_ratio": -3.04, "gi_pressure_score": 0.0, "gi_conservation_score": 0.152, "terrain_dev_type": "B_GI整備候補地", "priority_rank": 2 }, "geometry": { "type": "Polygon", "coordinates": [ [ [ 135.68125, 34.875 ], [ 135.68125, 34.87916666666667 ], [ 135.675, 34.87916666666667 ], [ 135.675, 34.875 ], [ 135.68125, 34.875 ] ] ] } },
{ "type": "Feature", "properties": { "mesh4_code": "523525542", "gi_score_mode": 2.5, "n_valid": 64, "infil_suitable_ratio": 0.875, "paddy_frac": 0.078316718, "diversity_mean": 0.69031179, "lc_valid": 625, "urban_frac": 0.8992, "forest_frac": 0.0, "agri_frac": 0.072, "paddy_jaxa": 0.0032, "water_jaxa": 0.0, "dev_ratio_v2_2020_2024": -1.8933333333333331, "terrain_dev_type_v2_2020_2024": "F_安定低適地", "dev_ratio_v2_2011_2022": 27.093333333333337, "terrain_dev_type_v2_2011_2022": "D_開発監視地", "dev_pos_count_v1": 87, "dev_neg_count_v1": 24, "dev_zero_count_v1": 3639, "dev_total_v1": 3750, "dev_sum_v1": 63, "dev_ratio_v1": 1.68, "gi_pressure_score_v1": 0.042, "gi_conservation_score_v1": 0.0, "terrain_dev_type_v1": "F_安定低適地", "priority_rank_v1": 3, "dev_ratio": -1.8933333333333331, "gi_pressure_score": 0.0, "gi_conservation_score": 0.047, "terrain_dev_type": "F_安定低適地", "priority_rank": 2 }, "geometry": { "type": "Polygon", "coordinates": [ [ [ 135.6875, 34.875 ], [ 135.6875, 34.87916666666667 ], [ 135.68125, 34.87916666666667 ], [ 135.68125, 34.875 ], [ 135.6875, 34.875 ] ] ] } },
{ "type": "Feature", "properties": { "mesh4_code": "523525504", "gi_score_mode": 1.5, "n_valid": 64, "infil_suitable_ratio": null, "paddy_frac": 0.00084880681, "diversity_mean": 0.47101858, "lc_valid": 625, "urban_frac": 0.0272, "forest_frac": 0.9104, "agri_frac": 0.0, "paddy_jaxa": 0.0, "water_jaxa": 0.0, "dev_ratio_v2_2020_2024": 0.24, "terrain_dev_type_v2_2020_2024": "F_安定低適地", "dev_ratio_v2_2011_2022": 1.8133333333333332, "terrain_dev_type_v2_2011_2022": "F_安定低適地", "dev_pos_count_v1": 1, "dev_neg_count_v1": 10, "dev_zero_count_v1": 3739, "dev_total_v1": 3750, "dev_sum_v1": -9, "dev_ratio_v1": -0.24, "gi_pressure_score_v1": 0.0, "gi_conservation_score_v1": 0.004, "terrain_dev_type_v1": "F_安定低適地", "priority_rank_v1": 2, "dev_ratio": 0.24, "gi_pressure_score": 0.004, "gi_conservation_score": 0.0, "terrain_dev_type": "F_安定低適地", "priority_rank": 2 }, "geometry": { "type": "Polygon", "coordinates": [ [ [ 135.6375, 34.879166666666663 ], [ 135.6375, 34.883333333333333 ], [ 135.63125, 34.883333333333333 ], [ 135.63125, 34.879166666666663 ], [ 135.6375, 34.879166666666663 ] ] ] } },
{ "type": "Feature", "properties": { "mesh4_code": "523525513", "gi_score_mode": 1.5, "n_valid": 64, "infil_suitable_ratio": null, "paddy_frac": 0.0, "diversity_mean": 0.45557022, "lc_valid": 625, "urban_frac": 0.0, "forest_frac": 0.968, "agri_frac": 0.0, "paddy_jaxa": 0.0, "water_jaxa": 0.0, "dev_ratio_v2_2020_2024": 0.053333333333333302, "terrain_dev_type_v2_2020_2024": "F_安定低適地", "dev_ratio_v2_2011_2022": 0.0, "terrain_dev_type_v2_2011_2022": "F_安定低適地", "dev_pos_count_v1": 0, "dev_neg_count_v1": 2, "dev_zero_count_v1": 3748, "dev_total_v1": 3750, "dev_sum_v1": -2, "dev_ratio_v1": -0.05, "gi_pressure_score_v1": 0.0, "gi_conservation_score_v1": 0.001, "terrain_dev_type_v1": "F_安定低適地", "priority_rank_v1": 2, "dev_ratio": 0.053333333333333302, "gi_pressure_score": 0.001, "gi_conservation_score": 0.0, "terrain_dev_type": "F_安定低適地", "priority_rank": 2 }, "geometry": { "type": "Polygon", "coordinates": [ [ [ 135.64375, 34.879166666666663 ], [ 135.64375, 34.883333333333333 ], [ 135.6375, 34.883333333333333 ], [ 135.6375, 34.879166666666663 ], [ 135.64375, 34.879166666666663 ] ] ] } },
{ "type": "Feature", "properties": { "mesh4_code": "523525514", "gi_score_mode": 2.0, "n_valid": 64, "infil_suitable_ratio": null, "paddy_frac": 0.0, "diversity_mean": 0.51003277, "lc_valid": 625, "urban_frac": 0.0, "forest_frac": 0.9472, "agri_frac": 0.0032, "paddy_jaxa": 0.0, "water_jaxa": 0.0, "dev_ratio_v2_2020_2024": 0.0, "terrain_dev_type_v2_2020_2024": "F_安定低適地", "dev_ratio_v2_2011_2022": 0.026666666666666599, "terrain_dev_type_v2_2011_2022": "F_安定低適地", "dev_pos_count_v1": 0, "dev_neg_count_v1": 0, "dev_zero_count_v1": 3750, "dev_total_v1": 3750, "dev_sum_v1": 0, "dev_ratio_v1": 0.0, "gi_pressure_score_v1": 0.0, "gi_conservation_score_v1": 0.0, "terrain_dev_type_v1": "F_安定低適地", "priority_rank_v1": 1, "dev_ratio": 0.0, "gi_pressure_score": 0.0, "gi_conservation_score": 0.0, "terrain_dev_type": "F_安定低適地", "priority_rank": 1 }, "geometry": { "type": "Polygon", "coordinates": [ [ [ 135.65, 34.879166666666663 ], [ 135.65, 34.883333333333333 ], [ 135.64375, 34.883333333333333 ], [ 135.64375, 34.879166666666663 ], [ 135.65, 34.879166666666663 ] ] ] } },
{ "type": "Feature", "properties": { "mesh4_code": "523525523", "gi_score_mode": 1.5, "n_valid": 64, "infil_suitable_ratio": 1.0, "paddy_frac": 0.0068562292, "diversity_mean": 0.65168619, "lc_valid": 625, "urban_frac": 0.016, "forest_frac": 0.584, "agri_frac": 0.032, "paddy_jaxa": 0.0, "water_jaxa": 0.0016, "dev_ratio_v2_2020_2024": -0.90666666666666684, "terrain_dev_type_v2_2020_2024": "F_安定低適地", "dev_ratio_v2_2011_2022": 0.85333333333333339, "terrain_dev_type_v2_2011_2022": "F_安定低適地", "dev_pos_count_v1": 37, "dev_neg_count_v1": 8, "dev_zero_count_v1": 3705, "dev_total_v1": 3750, "dev_sum_v1": 29, "dev_ratio_v1": 0.77, "gi_pressure_score_v1": 0.012, "gi_conservation_score_v1": 0.0, "terrain_dev_type_v1": "F_安定低適地", "priority_rank_v1": 2, "dev_ratio": -0.90666666666666684, "gi_pressure_score": 0.0, "gi_conservation_score": 0.014, "terrain_dev_type": "F_安定低適地", "priority_rank": 1 }, "geometry": { "type": "Polygon", "coordinates": [ [ [ 135.65625, 34.879166666666663 ], [ 135.65625, 34.883333333333333 ], [ 135.65, 34.883333333333333 ], [ 135.65, 34.879166666666663 ], [ 135.65625, 34.879166666666663 ] ] ] } },
{ "type": "Feature", "properties": { "mesh4_code": "523525524", "gi_score_mode": 2.5, "n_valid": 64, "infil_suitable_ratio": 1.0, "paddy_frac": 0.082204551, "diversity_mean": 0.62860233, "lc_valid": 625, "urban_frac": 0.768, "forest_frac": 0.0192, "agri_frac": 0.0576, "paddy_jaxa": 0.0, "water_jaxa": 0.0224, "dev_ratio_v2_2020_2024": -5.0933333333333328, "terrain_dev_type_v2_2020_2024": "E_低優先回復地", "dev_ratio_v2_2011_2022": 30.08, "terrain_dev_type_v2_2011_2022": "D_開発監視地", "dev_pos_count_v1": 315, "dev_neg_count_v1": 163, "dev_zero_count_v1": 3272, "dev_total_v1": 3750, "dev_sum_v1": 152, "dev_ratio_v1": 4.05, "gi_pressure_score_v1": 0.101, "gi_conservation_score_v1": 0.0, "terrain_dev_type_v1": "F_安定低適地", "priority_rank_v1": 4, "dev_ratio": -5.0933333333333328, "gi_pressure_score": 0.0, "gi_conservation_score": 0.127, "terrain_dev_type": "E_低優先回復地", "priority_rank": 2 }, "geometry": { "type": "Polygon", "coordinates": [ [ [ 135.6625, 34.879166666666663 ], [ 135.6625, 34.883333333333333 ], [ 135.65625, 34.883333333333333 ], [ 135.65625, 34.879166666666663 ], [ 135.6625, 34.879166666666663 ] ] ] } },
{ "type": "Feature", "properties": { "mesh4_code": "523525533", "gi_score_mode": 4.5, "n_valid": 64, "infil_suitable_ratio": 1.0, "paddy_frac": 0.067228995, "diversity_mean": 0.10608907, "lc_valid": 625, "urban_frac": 0.944, "forest_frac": 0.0, "agri_frac": 0.0128, "paddy_jaxa": 0.0176, "water_jaxa": 0.0, "dev_ratio_v2_2020_2024": -1.3866666666666667, "terrain_dev_type_v2_2020_2024": "B_GI整備候補地", "dev_ratio_v2_2011_2022": 9.6266666666666687, "terrain_dev_type_v2_2011_2022": "A_最優先介入地", "dev_pos_count_v1": 89, "dev_neg_count_v1": 52, "dev_zero_count_v1": 3609, "dev_total_v1": 3750, "dev_sum_v1": 37, "dev_ratio_v1": 0.99, "gi_pressure_score_v1": 0.045, "gi_conservation_score_v1": 0.0, "terrain_dev_type_v1": "B_GI整備候補地", "priority_rank_v1": 3, "dev_ratio": -1.3866666666666667, "gi_pressure_score": 0.0, "gi_conservation_score": 0.062, "terrain_dev_type": "B_GI整備候補地", "priority_rank": 2 }, "geometry": { "type": "Polygon", "coordinates": [ [ [ 135.66875, 34.879166666666663 ], [ 135.66875, 34.883333333333333 ], [ 135.6625, 34.883333333333333 ], [ 135.6625, 34.879166666666663 ], [ 135.66875, 34.879166666666663 ] ] ] } },
{ "type": "Feature", "properties": { "mesh4_code": "523525534", "gi_score_mode": 5.0, "n_valid": 64, "infil_suitable_ratio": 0.59375, "paddy_frac": 0.027179161, "diversity_mean": 0.5904848, "lc_valid": 625, "urban_frac": 0.8784, "forest_frac": 0.0048, "agri_frac": 0.0784, "paddy_jaxa": 0.0096, "water_jaxa": 0.0, "dev_ratio_v2_2020_2024": -2.293333333333333, "terrain_dev_type_v2_2020_2024": "B_GI整備候補地", "dev_ratio_v2_2011_2022": 10.613333333333332, "terrain_dev_type_v2_2011_2022": "A_最優先介入地", "dev_pos_count_v1": 126, "dev_neg_count_v1": 31, "dev_zero_count_v1": 3593, "dev_total_v1": 3750, "dev_sum_v1": 95, "dev_ratio_v1": 2.53, "gi_pressure_score_v1": 0.126, "gi_conservation_score_v1": 0.0, "terrain_dev_type_v1": "B_GI整備候補地", "priority_rank_v1": 4, "dev_ratio": -2.293333333333333, "gi_pressure_score": 0.0, "gi_conservation_score": 0.115, "terrain_dev_type": "B_GI整備候補地", "priority_rank": 2 }, "geometry": { "type": "Polygon", "coordinates": [ [ [ 135.675, 34.879166666666663 ], [ 135.675, 34.883333333333333 ], [ 135.66875, 34.883333333333333 ], [ 135.66875, 34.879166666666663 ], [ 135.675, 34.879166666666663 ] ] ] } },
{ "type": "Feature", "properties": { "mesh4_code": "523525543", "gi_score_mode": 5.0, "n_valid": 64, "infil_suitable_ratio": 0.0, "paddy_frac": 0.034518275, "diversity_mean": 0.78184521, "lc_valid": 625, "urban_frac": 0.0448, "forest_frac": 0.056, "agri_frac": 0.2224, "paddy_jaxa": 0.0064, "water_jaxa": 0.3216, "dev_ratio_v2_2020_2024": -6.373333333333334, "terrain_dev_type_v2_2020_2024": "C_自然資本保全地", "dev_ratio_v2_2011_2022": 12.933333333333334, "terrain_dev_type_v2_2011_2022": "A_最優先介入地", "dev_pos_count_v1": 385, "dev_neg_count_v1": 148, "dev_zero_count_v1": 3217, "dev_total_v1": 3750, "dev_sum_v1": 237, "dev_ratio_v1": 6.32, "gi_pressure_score_v1": 0.316, "gi_conservation_score_v1": 0.0, "terrain_dev_type_v1": "A_最優先介入地", "priority_rank_v1": 5, "dev_ratio": -6.373333333333334, "gi_pressure_score": 0.0, "gi_conservation_score": 0.319, "terrain_dev_type": "C_自然資本保全地", "priority_rank": 2 }, "geometry": { "type": "Polygon", "coordinates": [ [ [ 135.68125, 34.879166666666663 ], [ 135.68125, 34.883333333333333 ], [ 135.675, 34.883333333333333 ], [ 135.675, 34.879166666666663 ], [ 135.68125, 34.879166666666663 ] ] ] } },
{ "type": "Feature", "properties": { "mesh4_code": "523525544", "gi_score_mode": 5.0, "n_valid": 64, "infil_suitable_ratio": 0.61403507, "paddy_frac": 0.034723889, "diversity_mean": 0.76944649, "lc_valid": 625, "urban_frac": 0.7744, "forest_frac": 0.0, "agri_frac": 0.1216, "paddy_jaxa": 0.0, "water_jaxa": 0.0, "dev_ratio_v2_2020_2024": -1.5466666666666666, "terrain_dev_type_v2_2020_2024": "B_GI整備候補地", "dev_ratio_v2_2011_2022": 19.813333333333333, "terrain_dev_type_v2_2011_2022": "A_最優先介入地", "dev_pos_count_v1": 112, "dev_neg_count_v1": 37, "dev_zero_count_v1": 3601, "dev_total_v1": 3750, "dev_sum_v1": 75, "dev_ratio_v1": 2.0, "gi_pressure_score_v1": 0.1, "gi_conservation_score_v1": 0.0, "terrain_dev_type_v1": "B_GI整備候補地", "priority_rank_v1": 4, "dev_ratio": -1.5466666666666666, "gi_pressure_score": 0.0, "gi_conservation_score": 0.077, "terrain_dev_type": "B_GI整備候補地", "priority_rank": 2 }, "geometry": { "type": "Polygon", "coordinates": [ [ [ 135.6875, 34.879166666666663 ], [ 135.6875, 34.883333333333333 ], [ 135.68125, 34.883333333333333 ], [ 135.68125, 34.879166666666663 ], [ 135.6875, 34.879166666666663 ] ] ] } },
{ "type": "Feature", "properties": { "mesh4_code": "523525553", "gi_score_mode": 2.0, "n_valid": 64, "infil_suitable_ratio": 1.0, "paddy_frac": 0.0, "diversity_mean": 0.61140281, "lc_valid": 625, "urban_frac": 0.5248, "forest_frac": 0.04, "agri_frac": 0.0064, "paddy_jaxa": 0.0, "water_jaxa": 0.0, "dev_ratio_v2_2020_2024": -0.53333333333333333, "terrain_dev_type_v2_2020_2024": "F_安定低適地", "dev_ratio_v2_2011_2022": 8.08, "terrain_dev_type_v2_2011_2022": "D_開発監視地", "dev_pos_count_v1": 24, "dev_neg_count_v1": 4, "dev_zero_count_v1": 3722, "dev_total_v1": 3750, "dev_sum_v1": 20, "dev_ratio_v1": 0.53, "gi_pressure_score_v1": 0.011, "gi_conservation_score_v1": 0.0, "terrain_dev_type_v1": "F_安定低適地", "priority_rank_v1": 2, "dev_ratio": -0.53333333333333333, "gi_pressure_score": 0.0, "gi_conservation_score": 0.011, "terrain_dev_type": "F_安定低適地", "priority_rank": 1 }, "geometry": { "type": "Polygon", "coordinates": [ [ [ 135.69375, 34.879166666666663 ], [ 135.69375, 34.883333333333333 ], [ 135.6875, 34.883333333333333 ], [ 135.6875, 34.879166666666663 ], [ 135.69375, 34.879166666666663 ] ] ] } },
{ "type": "Feature", "properties": { "mesh4_code": "523525601", "gi_score_mode": 2.0, "n_valid": 64, "infil_suitable_ratio": null, "paddy_frac": 0.010883709, "diversity_mean": 0.6423797, "lc_valid": 625, "urban_frac": 0.152, "forest_frac": 0.3552, "agri_frac": 0.0736, "paddy_jaxa": 0.0464, "water_jaxa": 0.0, "dev_ratio_v2_2020_2024": -0.5066666666666666, "terrain_dev_type_v2_2020_2024": "F_安定低適地", "dev_ratio_v2_2011_2022": 19.306666666666665, "terrain_dev_type_v2_2011_2022": "D_開発監視地", "dev_pos_count_v1": 214, "dev_neg_count_v1": 146, "dev_zero_count_v1": 3390, "dev_total_v1": 3750, "dev_sum_v1": 68, "dev_ratio_v1": 1.81, "gi_pressure_score_v1": 0.036, "gi_conservation_score_v1": 0.0, "terrain_dev_type_v1": "F_安定低適地", "priority_rank_v1": 3, "dev_ratio": -0.5066666666666666, "gi_pressure_score": 0.0, "gi_conservation_score": 0.01, "terrain_dev_type": "F_安定低適地", "priority_rank": 1 }, "geometry": { "type": "Polygon", "coordinates": [ [ [ 135.63125, 34.883333333333333 ], [ 135.63125, 34.8875 ], [ 135.625, 34.8875 ], [ 135.625, 34.883333333333333 ], [ 135.63125, 34.883333333333333 ] ] ] } },
{ "type": "Feature", "properties": { "mesh4_code": "523525602", "gi_score_mode": 1.5, "n_valid": 64, "infil_suitable_ratio": null, "paddy_frac": 0.0016248076, "diversity_mean": 0.51106316, "lc_valid": 625, "urban_frac": 0.0, "forest_frac": 0.9472, "agri_frac": 0.0016, "paddy_jaxa": 0.0, "water_jaxa": 0.0, "dev_ratio_v2_2020_2024": -0.053333333333333302, "terrain_dev_type_v2_2020_2024": "F_安定低適地", "dev_ratio_v2_2011_2022": 0.6133333333333334, "terrain_dev_type_v2_2011_2022": "F_安定低適地", "dev_pos_count_v1": 6, "dev_neg_count_v1": 2, "dev_zero_count_v1": 3742, "dev_total_v1": 3750, "dev_sum_v1": 4, "dev_ratio_v1": 0.11, "gi_pressure_score_v1": 0.002, "gi_conservation_score_v1": 0.0, "terrain_dev_type_v1": "F_安定低適地", "priority_rank_v1": 2, "dev_ratio": -0.053333333333333302, "gi_pressure_score": 0.0, "gi_conservation_score": 0.001, "terrain_dev_type": "F_安定低適地", "priority_rank": 1 }, "geometry": { "type": "Polygon", "coordinates": [ [ [ 135.6375, 34.883333333333333 ], [ 135.6375, 34.8875 ], [ 135.63125, 34.8875 ], [ 135.63125, 34.883333333333333 ], [ 135.6375, 34.883333333333333 ] ] ] } },
{ "type": "Feature", "properties": { "mesh4_code": "523525611", "gi_score_mode": 2.0, "n_valid": 64, "infil_suitable_ratio": null, "paddy_frac": 0.0, "diversity_mean": 0.5640682, "lc_valid": 625, "urban_frac": 0.0, "forest_frac": 0.9216, "agri_frac": 0.0032, "paddy_jaxa": 0.0, "water_jaxa": 0.0, "dev_ratio_v2_2020_2024": 0.08, "terrain_dev_type_v2_2020_2024": "F_安定低適地", "dev_ratio_v2_2011_2022": 0.1066666666666666, "terrain_dev_type_v2_2011_2022": "F_安定低適地", "dev_pos_count_v1": 0, "dev_neg_count_v1": 3, "dev_zero_count_v1": 3747, "dev_total_v1": 3750, "dev_sum_v1": -3, "dev_ratio_v1": -0.08, "gi_pressure_score_v1": 0.0, "gi_conservation_score_v1": 0.002, "terrain_dev_type_v1": "F_安定低適地", "priority_rank_v1": 2, "dev_ratio": 0.08, "gi_pressure_score": 0.002, "gi_conservation_score": 0.0, "terrain_dev_type": "F_安定低適地", "priority_rank": 2 }, "geometry": { "type": "Polygon", "coordinates": [ [ [ 135.64375, 34.883333333333333 ], [ 135.64375, 34.8875 ], [ 135.6375, 34.8875 ], [ 135.6375, 34.883333333333333 ], [ 135.64375, 34.883333333333333 ] ] ] } },
{ "type": "Feature", "properties": { "mesh4_code": "523525612", "gi_score_mode": 1.5, "n_valid": 64, "infil_suitable_ratio": null, "paddy_frac": 0.0, "diversity_mean": 0.69627571, "lc_valid": 625, "urban_frac": 0.0, "forest_frac": 0.7952, "agri_frac": 0.0448, "paddy_jaxa": 0.0, "water_jaxa": 0.0, "dev_ratio_v2_2020_2024": 0.0, "terrain_dev_type_v2_2020_2024": "F_安定低適地", "dev_ratio_v2_2011_2022": 0.026666666666666599, "terrain_dev_type_v2_2011_2022": "F_安定低適地", "dev_pos_count_v1": 0, "dev_neg_count_v1": 0, "dev_zero_count_v1": 3750, "dev_total_v1": 3750, "dev_sum_v1": 0, "dev_ratio_v1": 0.0, "gi_pressure_score_v1": 0.0, "gi_conservation_score_v1": 0.0, "terrain_dev_type_v1": "F_安定低適地", "priority_rank_v1": 1, "dev_ratio": 0.0, "gi_pressure_score": 0.0, "gi_conservation_score": 0.0, "terrain_dev_type": "F_安定低適地", "priority_rank": 1 }, "geometry": { "type": "Polygon", "coordinates": [ [ [ 135.65, 34.883333333333333 ], [ 135.65, 34.8875 ], [ 135.64375, 34.8875 ], [ 135.64375, 34.883333333333333 ], [ 135.65, 34.883333333333333 ] ] ] } },
{ "type": "Feature", "properties": { "mesh4_code": "523525621", "gi_score_mode": 1.5, "n_valid": 64, "infil_suitable_ratio": 1.0, "paddy_frac": 9.921956e-06, "diversity_mean": 0.72403556, "lc_valid": 625, "urban_frac": 0.0, "forest_frac": 0.7312, "agri_frac": 0.0, "paddy_jaxa": 0.0, "water_jaxa": 0.0, "dev_ratio_v2_2020_2024": 0.0, "terrain_dev_type_v2_2020_2024": "F_安定低適地", "dev_ratio_v2_2011_2022": 0.053333333333333302, "terrain_dev_type_v2_2011_2022": "F_安定低適地", "dev_pos_count_v1": 0, "dev_neg_count_v1": 0, "dev_zero_count_v1": 3750, "dev_total_v1": 3750, "dev_sum_v1": 0, "dev_ratio_v1": 0.0, "gi_pressure_score_v1": 0.0, "gi_conservation_score_v1": 0.0, "terrain_dev_type_v1": "F_安定低適地", "priority_rank_v1": 1, "dev_ratio": 0.0, "gi_pressure_score": 0.0, "gi_conservation_score": 0.0, "terrain_dev_type": "F_安定低適地", "priority_rank": 1 }, "geometry": { "type": "Polygon", "coordinates": [ [ [ 135.65625, 34.883333333333333 ], [ 135.65625, 34.8875 ], [ 135.65, 34.8875 ], [ 135.65, 34.883333333333333 ], [ 135.65625, 34.883333333333333 ] ] ] } },
{ "type": "Feature", "properties": { "mesh4_code": "523525622", "gi_score_mode": 2.5, "n_valid": 64, "infil_suitable_ratio": 1.0, "paddy_frac": 0.01270983, "diversity_mean": 0.58231241, "lc_valid": 625, "urban_frac": 0.4448, "forest_frac": 0.0176, "agri_frac": 0.032, "paddy_jaxa": 0.0, "water_jaxa": 0.0, "dev_ratio_v2_2020_2024": -1.2533333333333334, "terrain_dev_type_v2_2020_2024": "F_安定低適地", "dev_ratio_v2_2011_2022": 12.0, "terrain_dev_type_v2_2011_2022": "D_開発監視地", "dev_pos_count_v1": 121, "dev_neg_count_v1": 49, "dev_zero_count_v1": 3580, "dev_total_v1": 3750, "dev_sum_v1": 72, "dev_ratio_v1": 1.92, "gi_pressure_score_v1": 0.048, "gi_conservation_score_v1": 0.0, "terrain_dev_type_v1": "F_安定低適地", "priority_rank_v1": 3, "dev_ratio": -1.2533333333333334, "gi_pressure_score": 0.0, "gi_conservation_score": 0.031, "terrain_dev_type": "F_安定低適地", "priority_rank": 2 }, "geometry": { "type": "Polygon", "coordinates": [ [ [ 135.6625, 34.883333333333333 ], [ 135.6625, 34.8875 ], [ 135.65625, 34.8875 ], [ 135.65625, 34.883333333333333 ], [ 135.6625, 34.883333333333333 ] ] ] } },
{ "type": "Feature", "properties": { "mesh4_code": "523525631", "gi_score_mode": 3.5, "n_valid": 64, "infil_suitable_ratio": 1.0, "paddy_frac": 0.051012602, "diversity_mean": 0.54837841, "lc_valid": 625, "urban_frac": 0.896, "forest_frac": 0.0, "agri_frac": 0.0352, "paddy_jaxa": 0.0464, "water_jaxa": 0.0, "dev_ratio_v2_2020_2024": -3.2, "terrain_dev_type_v2_2020_2024": "B_GI整備候補地", "dev_ratio_v2_2011_2022": 21.733333333333331, "terrain_dev_type_v2_2011_2022": "A_最優先介入地", "dev_pos_count_v1": 229, "dev_neg_count_v1": 58, "dev_zero_count_v1": 3463, "dev_total_v1": 3750, "dev_sum_v1": 171, "dev_ratio_v1": 4.56, "gi_pressure_score_v1": 0.16, "gi_conservation_score_v1": 0.0, "terrain_dev_type_v1": "B_GI整備候補地", "priority_rank_v1": 4, "dev_ratio": -3.2, "gi_pressure_score": 0.0, "gi_conservation_score": 0.112, "terrain_dev_type": "B_GI整備候補地", "priority_rank": 2 }, "geometry": { "type": "Polygon", "coordinates": [ [ [ 135.66875, 34.883333333333333 ], [ 135.66875, 34.8875 ], [ 135.6625, 34.8875 ], [ 135.6625, 34.883333333333333 ], [ 135.66875, 34.883333333333333 ] ] ] } },
{ "type": "Feature", "properties": { "mesh4_code": "523525632", "gi_score_mode": 4.5, "n_valid": 64, "infil_suitable_ratio": 0.9375, "paddy_frac": 0.035104871, "diversity_mean": 0.53995073, "lc_valid": 625, "urban_frac": 0.9392, "forest_frac": 0.0112, "agri_frac": 0.0144, "paddy_jaxa": 0.0064, "water_jaxa": 0.0, "dev_ratio_v2_2020_2024": -1.5733333333333333, "terrain_dev_type_v2_2020_2024": "B_GI整備候補地", "dev_ratio_v2_2011_2022": 15.2, "terrain_dev_type_v2_2011_2022": "A_最優先介入地", "dev_pos_count_v1": 80, "dev_neg_count_v1": 29, "dev_zero_count_v1": 3641, "dev_total_v1": 3750, "dev_sum_v1": 51, "dev_ratio_v1": 1.36, "gi_pressure_score_v1": 0.061, "gi_conservation_score_v1": 0.0, "terrain_dev_type_v1": "B_GI整備候補地", "priority_rank_v1": 4, "dev_ratio": -1.5733333333333333, "gi_pressure_score": 0.0, "gi_conservation_score": 0.071, "terrain_dev_type": "B_GI整備候補地", "priority_rank": 2 }, "geometry": { "type": "Polygon", "coordinates": [ [ [ 135.675, 34.883333333333333 ], [ 135.675, 34.8875 ], [ 135.66875, 34.8875 ], [ 135.66875, 34.883333333333333 ], [ 135.675, 34.883333333333333 ] ] ] } },
{ "type": "Feature", "properties": { "mesh4_code": "523525641", "gi_score_mode": 4.5, "n_valid": 64, "infil_suitable_ratio": 0.09375, "paddy_frac": 0.0011103401, "diversity_mean": 0.76169783, "lc_valid": 625, "urban_frac": 0.328, "forest_frac": 0.0768, "agri_frac": 0.2176, "paddy_jaxa": 0.0, "water_jaxa": 0.1968, "dev_ratio_v2_2020_2024": -9.36, "terrain_dev_type_v2_2020_2024": "C_自然資本保全地", "dev_ratio_v2_2011_2022": 17.973333333333333, "terrain_dev_type_v2_2011_2022": "A_最優先介入地", "dev_pos_count_v1": 372, "dev_neg_count_v1": 22, "dev_zero_count_v1": 3356, "dev_total_v1": 3750, "dev_sum_v1": 350, "dev_ratio_v1": 9.33, "gi_pressure_score_v1": 0.42, "gi_conservation_score_v1": 0.0, "terrain_dev_type_v1": "A_最優先介入地", "priority_rank_v1": 5, "dev_ratio": -9.36, "gi_pressure_score": 0.0, "gi_conservation_score": 0.421, "terrain_dev_type": "C_自然資本保全地", "priority_rank": 2 }, "geometry": { "type": "Polygon", "coordinates": [ [ [ 135.68125, 34.883333333333333 ], [ 135.68125, 34.8875 ], [ 135.675, 34.8875 ], [ 135.675, 34.883333333333333 ], [ 135.68125, 34.883333333333333 ] ] ] } },
{ "type": "Feature", "properties": { "mesh4_code": "523525642", "gi_score_mode": 5.0, "n_valid": 64, "infil_suitable_ratio": 0.046511628, "paddy_frac": 0.00069695385, "diversity_mean": 0.79295325, "lc_valid": 625, "urban_frac": 0.2128, "forest_frac": 0.1456, "agri_frac": 0.088, "paddy_jaxa": 0.024, "water_jaxa": 0.1312, "dev_ratio_v2_2020_2024": -7.44, "terrain_dev_type_v2_2020_2024": "C_自然資本保全地", "dev_ratio_v2_2011_2022": 24.32, "terrain_dev_type_v2_2011_2022": "A_最優先介入地", "dev_pos_count_v1": 334, "dev_neg_count_v1": 64, "dev_zero_count_v1": 3352, "dev_total_v1": 3750, "dev_sum_v1": 270, "dev_ratio_v1": 7.2, "gi_pressure_score_v1": 0.36, "gi_conservation_score_v1": 0.0, "terrain_dev_type_v1": "A_最優先介入地", "priority_rank_v1": 5, "dev_ratio": -7.44, "gi_pressure_score": 0.0, "gi_conservation_score": 0.372, "terrain_dev_type": "C_自然資本保全地", "priority_rank": 2 }, "geometry": { "type": "Polygon", "coordinates": [ [ [ 135.6875, 34.883333333333333 ], [ 135.6875, 34.8875 ], [ 135.68125, 34.8875 ], [ 135.68125, 34.883333333333333 ], [ 135.6875, 34.883333333333333 ] ] ] } },
{ "type": "Feature", "properties": { "mesh4_code": "523525651", "gi_score_mode": 5.0, "n_valid": 64, "infil_suitable_ratio": 0.74137932, "paddy_frac": 0.0, "diversity_mean": 0.78728729, "lc_valid": 625, "urban_frac": 0.312, "forest_frac": 0.0512, "agri_frac": 0.16, "paddy_jaxa": 0.0256, "water_jaxa": 0.0, "dev_ratio_v2_2020_2024": -2.9866666666666668, "terrain_dev_type_v2_2020_2024": "B_GI整備候補地", "dev_ratio_v2_2011_2022": 20.666666666666668, "terrain_dev_type_v2_2011_2022": "A_最優先介入地", "dev_pos_count_v1": 149, "dev_neg_count_v1": 33, "dev_zero_count_v1": 3568, "dev_total_v1": 3750, "dev_sum_v1": 116, "dev_ratio_v1": 3.09, "gi_pressure_score_v1": 0.154, "gi_conservation_score_v1": 0.0, "terrain_dev_type_v1": "B_GI整備候補地", "priority_rank_v1": 4, "dev_ratio": -2.9866666666666668, "gi_pressure_score": 0.0, "gi_conservation_score": 0.149, "terrain_dev_type": "B_GI整備候補地", "priority_rank": 2 }, "geometry": { "type": "Polygon", "coordinates": [ [ [ 135.69375, 34.883333333333333 ], [ 135.69375, 34.8875 ], [ 135.6875, 34.8875 ], [ 135.6875, 34.883333333333333 ], [ 135.69375, 34.883333333333333 ] ] ] } },
{ "type": "Feature", "properties": { "mesh4_code": "523525603", "gi_score_mode": 1.5, "n_valid": 64, "infil_suitable_ratio": null, "paddy_frac": 0.036061067, "diversity_mean": 0.63242853, "lc_valid": 625, "urban_frac": 0.1632, "forest_frac": 0.448, "agri_frac": 0.2208, "paddy_jaxa": 0.0128, "water_jaxa": 0.0, "dev_ratio_v2_2020_2024": -4.48, "terrain_dev_type_v2_2020_2024": "F_安定低適地", "dev_ratio_v2_2011_2022": 6.5333333333333323, "terrain_dev_type_v2_2011_2022": "D_開発監視地", "dev_pos_count_v1": 202, "dev_neg_count_v1": 40, "dev_zero_count_v1": 3508, "dev_total_v1": 3750, "dev_sum_v1": 162, "dev_ratio_v1": 4.32, "gi_pressure_score_v1": 0.065, "gi_conservation_score_v1": 0.0, "terrain_dev_type_v1": "F_安定低適地", "priority_rank_v1": 4, "dev_ratio": -4.48, "gi_pressure_score": 0.0, "gi_conservation_score": 0.067, "terrain_dev_type": "F_安定低適地", "priority_rank": 2 }, "geometry": { "type": "Polygon", "coordinates": [ [ [ 135.63125, 34.8875 ], [ 135.63125, 34.891666666666673 ], [ 135.625, 34.891666666666673 ], [ 135.625, 34.8875 ], [ 135.63125, 34.8875 ] ] ] } },
{ "type": "Feature", "properties": { "mesh4_code": "523525604", "gi_score_mode": 1.5, "n_valid": 64, "infil_suitable_ratio": null, "paddy_frac": 0.008878801, "diversity_mean": 0.54492646, "lc_valid": 625, "urban_frac": 0.0, "forest_frac": 0.7584, "agri_frac": 0.0032, "paddy_jaxa": 0.0, "water_jaxa": 0.0, "dev_ratio_v2_2020_2024": 0.1333333333333333, "terrain_dev_type_v2_2020_2024": "F_安定低適地", "dev_ratio_v2_2011_2022": 0.26666666666666661, "terrain_dev_type_v2_2011_2022": "F_安定低適地", "dev_pos_count_v1": 0, "dev_neg_count_v1": 5, "dev_zero_count_v1": 3745, "dev_total_v1": 3750, "dev_sum_v1": -5, "dev_ratio_v1": -0.13, "gi_pressure_score_v1": 0.0, "gi_conservation_score_v1": 0.002, "terrain_dev_type_v1": "F_安定低適地", "priority_rank_v1": 2, "dev_ratio": 0.1333333333333333, "gi_pressure_score": 0.002, "gi_conservation_score": 0.0, "terrain_dev_type": "F_安定低適地", "priority_rank": 2 }, "geometry": { "type": "Polygon", "coordinates": [ [ [ 135.6375, 34.8875 ], [ 135.6375, 34.891666666666673 ], [ 135.63125, 34.891666666666673 ], [ 135.63125, 34.8875 ], [ 135.6375, 34.8875 ] ] ] } },
{ "type": "Feature", "properties": { "mesh4_code": "523525613", "gi_score_mode": 1.5, "n_valid": 64, "infil_suitable_ratio": null, "paddy_frac": 0.0, "diversity_mean": 0.64777189, "lc_valid": 625, "urban_frac": 0.032, "forest_frac": 0.6272, "agri_frac": 0.1872, "paddy_jaxa": 0.0, "water_jaxa": 0.0, "dev_ratio_v2_2020_2024": 0.29333333333333328, "terrain_dev_type_v2_2020_2024": "F_安定低適地", "dev_ratio_v2_2011_2022": 2.293333333333333, "terrain_dev_type_v2_2011_2022": "F_安定低適地", "dev_pos_count_v1": 4, "dev_neg_count_v1": 14, "dev_zero_count_v1": 3732, "dev_total_v1": 3750, "dev_sum_v1": -10, "dev_ratio_v1": -0.27, "gi_pressure_score_v1": 0.0, "gi_conservation_score_v1": 0.004, "terrain_dev_type_v1": "F_安定低適地", "priority_rank_v1": 2, "dev_ratio": 0.29333333333333328, "gi_pressure_score": 0.004, "gi_conservation_score": 0.0, "terrain_dev_type": "F_安定低適地", "priority_rank": 2 }, "geometry": { "type": "Polygon", "coordinates": [ [ [ 135.64375, 34.8875 ], [ 135.64375, 34.891666666666673 ], [ 135.6375, 34.891666666666673 ], [ 135.6375, 34.8875 ], [ 135.64375, 34.8875 ] ] ] } },
{ "type": "Feature", "properties": { "mesh4_code": "523525614", "gi_score_mode": 2.0, "n_valid": 64, "infil_suitable_ratio": null, "paddy_frac": 0.0, "diversity_mean": 0.71574992, "lc_valid": 625, "urban_frac": 0.0336, "forest_frac": 0.1008, "agri_frac": 0.736, "paddy_jaxa": 0.0, "water_jaxa": 0.0, "dev_ratio_v2_2020_2024": -0.1066666666666666, "terrain_dev_type_v2_2020_2024": "F_安定低適地", "dev_ratio_v2_2011_2022": 2.32, "terrain_dev_type_v2_2011_2022": "F_安定低適地", "dev_pos_count_v1": 13, "dev_neg_count_v1": 14, "dev_zero_count_v1": 3723, "dev_total_v1": 3750, "dev_sum_v1": -1, "dev_ratio_v1": -0.03, "gi_pressure_score_v1": 0.0, "gi_conservation_score_v1": 0.001, "terrain_dev_type_v1": "F_安定低適地", "priority_rank_v1": 2, "dev_ratio": -0.1066666666666666, "gi_pressure_score": 0.0, "gi_conservation_score": 0.002, "terrain_dev_type": "F_安定低適地", "priority_rank": 1 }, "geometry": { "type": "Polygon", "coordinates": [ [ [ 135.65, 34.8875 ], [ 135.65, 34.891666666666673 ], [ 135.64375, 34.891666666666673 ], [ 135.64375, 34.8875 ], [ 135.65, 34.8875 ] ] ] } },
{ "type": "Feature", "properties": { "mesh4_code": "523525623", "gi_score_mode": 1.5, "n_valid": 64, "infil_suitable_ratio": 1.0, "paddy_frac": 4.8497313e-05, "diversity_mean": 0.77386236, "lc_valid": 625, "urban_frac": 0.0016, "forest_frac": 0.6336, "agri_frac": 0.0624, "paddy_jaxa": 0.0, "water_jaxa": 0.0, "dev_ratio_v2_2020_2024": 0.026666666666666599, "terrain_dev_type_v2_2020_2024": "F_安定低適地", "dev_ratio_v2_2011_2022": 0.18666666666666659, "terrain_dev_type_v2_2011_2022": "F_安定低適地", "dev_pos_count_v1": 1, "dev_neg_count_v1": 2, "dev_zero_count_v1": 3747, "dev_total_v1": 3750, "dev_sum_v1": -1, "dev_ratio_v1": -0.03, "gi_pressure_score_v1": 0.0, "gi_conservation_score_v1": 0.0, "terrain_dev_type_v1": "F_安定低適地", "priority_rank_v1": 1, "dev_ratio": 0.026666666666666599, "gi_pressure_score": 0.0, "gi_conservation_score": 0.0, "terrain_dev_type": "F_安定低適地", "priority_rank": 1 }, "geometry": { "type": "Polygon", "coordinates": [ [ [ 135.65625, 34.8875 ], [ 135.65625, 34.891666666666673 ], [ 135.65, 34.891666666666673 ], [ 135.65, 34.8875 ], [ 135.65625, 34.8875 ] ] ] } },
{ "type": "Feature", "properties": { "mesh4_code": "523525624", "gi_score_mode": 3.0, "n_valid": 64, "infil_suitable_ratio": 1.0, "paddy_frac": 0.0026379901, "diversity_mean": 0.6146943, "lc_valid": 625, "urban_frac": 0.5104, "forest_frac": 0.0416, "agri_frac": 0.0464, "paddy_jaxa": 0.0, "water_jaxa": 0.0, "dev_ratio_v2_2020_2024": -1.7066666666666668, "terrain_dev_type_v2_2020_2024": "F_安定低適地", "dev_ratio_v2_2011_2022": 23.066666666666663, "terrain_dev_type_v2_2011_2022": "D_開発監視地", "dev_pos_count_v1": 142, "dev_neg_count_v1": 68, "dev_zero_count_v1": 3540, "dev_total_v1": 3750, "dev_sum_v1": 74, "dev_ratio_v1": 1.97, "gi_pressure_score_v1": 0.059, "gi_conservation_score_v1": 0.0, "terrain_dev_type_v1": "F_安定低適地", "priority_rank_v1": 3, "dev_ratio": -1.7066666666666668, "gi_pressure_score": 0.0, "gi_conservation_score": 0.051, "terrain_dev_type": "F_安定低適地", "priority_rank": 2 }, "geometry": { "type": "Polygon", "coordinates": [ [ [ 135.6625, 34.8875 ], [ 135.6625, 34.891666666666673 ], [ 135.65625, 34.891666666666673 ], [ 135.65625, 34.8875 ], [ 135.6625, 34.8875 ] ] ] } },
{ "type": "Feature", "properties": { "mesh4_code": "523525633", "gi_score_mode": 4.0, "n_valid": 64, "infil_suitable_ratio": 1.0, "paddy_frac": 0.031551521, "diversity_mean": 0.7557829, "lc_valid": 625, "urban_frac": 0.704, "forest_frac": 0.0032, "agri_frac": 0.1712, "paddy_jaxa": 0.0512, "water_jaxa": 0.0, "dev_ratio_v2_2020_2024": -9.5466666666666686, "terrain_dev_type_v2_2020_2024": "C_自然資本保全地", "dev_ratio_v2_2011_2022": 28.293333333333333, "terrain_dev_type_v2_2011_2022": "A_最優先介入地", "dev_pos_count_v1": 405, "dev_neg_count_v1": 36, "dev_zero_count_v1": 3309, "dev_total_v1": 3750, "dev_sum_v1": 369, "dev_ratio_v1": 9.84, "gi_pressure_score_v1": 0.394, "gi_conservation_score_v1": 0.0, "terrain_dev_type_v1": "A_最優先介入地", "priority_rank_v1": 5, "dev_ratio": -9.5466666666666686, "gi_pressure_score": 0.0, "gi_conservation_score": 0.382, "terrain_dev_type": "C_自然資本保全地", "priority_rank": 2 }, "geometry": { "type": "Polygon", "coordinates": [ [ [ 135.66875, 34.8875 ], [ 135.66875, 34.891666666666673 ], [ 135.6625, 34.891666666666673 ], [ 135.6625, 34.8875 ], [ 135.66875, 34.8875 ] ] ] } },
{ "type": "Feature", "properties": { "mesh4_code": "523525634", "gi_score_mode": 4.5, "n_valid": 64, "infil_suitable_ratio": 1.0, "paddy_frac": 0.0185109, "diversity_mean": 0.5886057, "lc_valid": 625, "urban_frac": 0.9504, "forest_frac": 0.0, "agri_frac": 0.032, "paddy_jaxa": 0.0032, "water_jaxa": 0.0, "dev_ratio_v2_2020_2024": -1.6266666666666665, "terrain_dev_type_v2_2020_2024": "B_GI整備候補地", "dev_ratio_v2_2011_2022": 18.24, "terrain_dev_type_v2_2011_2022": "A_最優先介入地", "dev_pos_count_v1": 80, "dev_neg_count_v1": 12, "dev_zero_count_v1": 3658, "dev_total_v1": 3750, "dev_sum_v1": 68, "dev_ratio_v1": 1.81, "gi_pressure_score_v1": 0.081, "gi_conservation_score_v1": 0.0, "terrain_dev_type_v1": "B_GI整備候補地", "priority_rank_v1": 4, "dev_ratio": -1.6266666666666665, "gi_pressure_score": 0.0, "gi_conservation_score": 0.073, "terrain_dev_type": "B_GI整備候補地", "priority_rank": 2 }, "geometry": { "type": "Polygon", "coordinates": [ [ [ 135.675, 34.8875 ], [ 135.675, 34.891666666666673 ], [ 135.66875, 34.891666666666673 ], [ 135.66875, 34.8875 ], [ 135.675, 34.8875 ] ] ] } },
{ "type": "Feature", "properties": { "mesh4_code": "523525643", "gi_score_mode": 4.5, "n_valid": 64, "infil_suitable_ratio": 0.625, "paddy_frac": 0.0, "diversity_mean": 0.73154801, "lc_valid": 625, "urban_frac": 0.7856, "forest_frac": 0.0064, "agri_frac": 0.0768, "paddy_jaxa": 0.008, "water_jaxa": 0.0192, "dev_ratio_v2_2020_2024": -2.64, "terrain_dev_type_v2_2020_2024": "B_GI整備候補地", "dev_ratio_v2_2011_2022": 13.36, "terrain_dev_type_v2_2011_2022": "A_最優先介入地", "dev_pos_count_v1": 126, "dev_neg_count_v1": 17, "dev_zero_count_v1": 3607, "dev_total_v1": 3750, "dev_sum_v1": 109, "dev_ratio_v1": 2.91, "gi_pressure_score_v1": 0.131, "gi_conservation_score_v1": 0.0, "terrain_dev_type_v1": "B_GI整備候補地", "priority_rank_v1": 4, "dev_ratio": -2.64, "gi_pressure_score": 0.0, "gi_conservation_score": 0.119, "terrain_dev_type": "B_GI整備候補地", "priority_rank": 2 }, "geometry": { "type": "Polygon", "coordinates": [ [ [ 135.68125, 34.8875 ], [ 135.68125, 34.891666666666673 ], [ 135.675, 34.891666666666673 ], [ 135.675, 34.8875 ], [ 135.68125, 34.8875 ] ] ] } },
{ "type": "Feature", "properties": { "mesh4_code": "523525644", "gi_score_mode": 4.5, "n_valid": 64, "infil_suitable_ratio": 0.0, "paddy_frac": 0.0, "diversity_mean": 0.76848888, "lc_valid": 625, "urban_frac": 0.0304, "forest_frac": 0.2192, "agri_frac": 0.1376, "paddy_jaxa": 0.0, "water_jaxa": 0.256, "dev_ratio_v2_2020_2024": -9.0133333333333336, "terrain_dev_type_v2_2020_2024": "C_自然資本保全地", "dev_ratio_v2_2011_2022": 8.4533333333333331, "terrain_dev_type_v2_2011_2022": "A_最優先介入地", "dev_pos_count_v1": 342, "dev_neg_count_v1": 4, "dev_zero_count_v1": 3404, "dev_total_v1": 3750, "dev_sum_v1": 338, "dev_ratio_v1": 9.01, "gi_pressure_score_v1": 0.405, "gi_conservation_score_v1": 0.0, "terrain_dev_type_v1": "A_最優先介入地", "priority_rank_v1": 5, "dev_ratio": -9.0133333333333336, "gi_pressure_score": 0.0, "gi_conservation_score": 0.406, "terrain_dev_type": "C_自然資本保全地", "priority_rank": 2 }, "geometry": { "type": "Polygon", "coordinates": [ [ [ 135.6875, 34.8875 ], [ 135.6875, 34.891666666666673 ], [ 135.68125, 34.891666666666673 ], [ 135.68125, 34.8875 ], [ 135.6875, 34.8875 ] ] ] } },
{ "type": "Feature", "properties": { "mesh4_code": "523525653", "gi_score_mode": 5.0, "n_valid": 64, "infil_suitable_ratio": 0.0, "paddy_frac": 0.0, "diversity_mean": 0.79334521, "lc_valid": 625, "urban_frac": 0.0016, "forest_frac": 0.0448, "agri_frac": 0.3056, "paddy_jaxa": 0.0016, "water_jaxa": 0.0784, "dev_ratio_v2_2020_2024": -2.2133333333333334, "terrain_dev_type_v2_2020_2024": "B_GI整備候補地", "dev_ratio_v2_2011_2022": 12.506666666666666, "terrain_dev_type_v2_2011_2022": "A_最優先介入地", "dev_pos_count_v1": 217, "dev_neg_count_v1": 136, "dev_zero_count_v1": 3397, "dev_total_v1": 3750, "dev_sum_v1": 81, "dev_ratio_v1": 2.16, "gi_pressure_score_v1": 0.108, "gi_conservation_score_v1": 0.0, "terrain_dev_type_v1": "B_GI整備候補地", "priority_rank_v1": 4, "dev_ratio": -2.2133333333333334, "gi_pressure_score": 0.0, "gi_conservation_score": 0.111, "terrain_dev_type": "B_GI整備候補地", "priority_rank": 2 }, "geometry": { "type": "Polygon", "coordinates": [ [ [ 135.69375, 34.8875 ], [ 135.69375, 34.891666666666673 ], [ 135.6875, 34.891666666666673 ], [ 135.6875, 34.8875 ], [ 135.69375, 34.8875 ] ] ] } },
{ "type": "Feature", "properties": { "mesh4_code": "523525701", "gi_score_mode": 2.0, "n_valid": 64, "infil_suitable_ratio": null, "paddy_frac": 0.037855819, "diversity_mean": 0.62510008, "lc_valid": 625, "urban_frac": 0.064, "forest_frac": 0.7584, "agri_frac": 0.032, "paddy_jaxa": 0.0, "water_jaxa": 0.0, "dev_ratio_v2_2020_2024": -0.85333333333333339, "terrain_dev_type_v2_2020_2024": "F_安定低適地", "dev_ratio_v2_2011_2022": 3.3066666666666662, "terrain_dev_type_v2_2011_2022": "F_安定低適地", "dev_pos_count_v1": 97, "dev_neg_count_v1": 17, "dev_zero_count_v1": 3636, "dev_total_v1": 3750, "dev_sum_v1": 80, "dev_ratio_v1": 2.13, "gi_pressure_score_v1": 0.043, "gi_conservation_score_v1": 0.0, "terrain_dev_type_v1": "F_安定低適地", "priority_rank_v1": 3, "dev_ratio": -0.85333333333333339, "gi_pressure_score": 0.0, "gi_conservation_score": 0.017, "terrain_dev_type": "F_安定低適地", "priority_rank": 1 }, "geometry": { "type": "Polygon", "coordinates": [ [ [ 135.63125, 34.891666666666666 ], [ 135.63125, 34.895833333333336 ], [ 135.625, 34.895833333333336 ], [ 135.625, 34.891666666666666 ], [ 135.63125, 34.891666666666666 ] ] ] } },
{ "type": "Feature", "properties": { "mesh4_code": "523525702", "gi_score_mode": 1.5, "n_valid": 64, "infil_suitable_ratio": null, "paddy_frac": 0.0048897066, "diversity_mean": 0.59720713, "lc_valid": 625, "urban_frac": 0.0016, "forest_frac": 0.6928, "agri_frac": 0.224, "paddy_jaxa": 0.0, "water_jaxa": 0.0, "dev_ratio_v2_2020_2024": 0.1333333333333333, "terrain_dev_type_v2_2020_2024": "F_安定低適地", "dev_ratio_v2_2011_2022": 0.24, "terrain_dev_type_v2_2011_2022": "F_安定低適地", "dev_pos_count_v1": 1, "dev_neg_count_v1": 6, "dev_zero_count_v1": 3743, "dev_total_v1": 3750, "dev_sum_v1": -5, "dev_ratio_v1": -0.13, "gi_pressure_score_v1": 0.0, "gi_conservation_score_v1": 0.002, "terrain_dev_type_v1": "F_安定低適地", "priority_rank_v1": 2, "dev_ratio": 0.1333333333333333, "gi_pressure_score": 0.002, "gi_conservation_score": 0.0, "terrain_dev_type": "F_安定低適地", "priority_rank": 2 }, "geometry": { "type": "Polygon", "coordinates": [ [ [ 135.6375, 34.891666666666666 ], [ 135.6375, 34.895833333333336 ], [ 135.63125, 34.895833333333336 ], [ 135.63125, 34.891666666666666 ], [ 135.6375, 34.891666666666666 ] ] ] } },
{ "type": "Feature", "properties": { "mesh4_code": "523525711", "gi_score_mode": 2.0, "n_valid": 64, "infil_suitable_ratio": null, "paddy_frac": 0.0, "diversity_mean": 0.6808731, "lc_valid": 625, "urban_frac": 0.008, "forest_frac": 0.5232, "agri_frac": 0.2816, "paddy_jaxa": 0.0, "water_jaxa": 0.0, "dev_ratio_v2_2020_2024": -0.026666666666666599, "terrain_dev_type_v2_2020_2024": "F_安定低適地", "dev_ratio_v2_2011_2022": 0.42666666666666669, "terrain_dev_type_v2_2011_2022": "F_安定低適地", "dev_pos_count_v1": 5, "dev_neg_count_v1": 4, "dev_zero_count_v1": 3741, "dev_total_v1": 3750, "dev_sum_v1": 1, "dev_ratio_v1": 0.03, "gi_pressure_score_v1": 0.001, "gi_conservation_score_v1": 0.0, "terrain_dev_type_v1": "F_安定低適地", "priority_rank_v1": 2, "dev_ratio": -0.026666666666666599, "gi_pressure_score": 0.0, "gi_conservation_score": 0.001, "terrain_dev_type": "F_安定低適地", "priority_rank": 1 }, "geometry": { "type": "Polygon", "coordinates": [ [ [ 135.64375, 34.891666666666666 ], [ 135.64375, 34.895833333333336 ], [ 135.6375, 34.895833333333336 ], [ 135.6375, 34.891666666666666 ], [ 135.64375, 34.891666666666666 ] ] ] } },
{ "type": "Feature", "properties": { "mesh4_code": "523525712", "gi_score_mode": 1.0, "n_valid": 64, "infil_suitable_ratio": null, "paddy_frac": 0.0073758513, "diversity_mean": 0.7253868, "lc_valid": 625, "urban_frac": 0.0, "forest_frac": 0.7968, "agri_frac": 0.1392, "paddy_jaxa": 0.0, "water_jaxa": 0.0, "dev_ratio_v2_2020_2024": 0.0, "terrain_dev_type_v2_2020_2024": "F_安定低適地", "dev_ratio_v2_2011_2022": 0.0, "terrain_dev_type_v2_2011_2022": "F_安定低適地", "dev_pos_count_v1": 0, "dev_neg_count_v1": 0, "dev_zero_count_v1": 3750, "dev_total_v1": 3750, "dev_sum_v1": 0, "dev_ratio_v1": 0.0, "gi_pressure_score_v1": 0.0, "gi_conservation_score_v1": 0.0, "terrain_dev_type_v1": "F_安定低適地", "priority_rank_v1": 1, "dev_ratio": 0.0, "gi_pressure_score": 0.0, "gi_conservation_score": 0.0, "terrain_dev_type": "F_安定低適地", "priority_rank": 1 }, "geometry": { "type": "Polygon", "coordinates": [ [ [ 135.65, 34.891666666666666 ], [ 135.65, 34.895833333333336 ], [ 135.64375, 34.895833333333336 ], [ 135.64375, 34.891666666666666 ], [ 135.65, 34.891666666666666 ] ] ] } },
{ "type": "Feature", "properties": { "mesh4_code": "523525721", "gi_score_mode": 2.0, "n_valid": 64, "infil_suitable_ratio": 1.0, "paddy_frac": 0.02485388, "diversity_mean": 0.78815591, "lc_valid": 625, "urban_frac": 0.0032, "forest_frac": 0.5328, "agri_frac": 0.0832, "paddy_jaxa": 0.0, "water_jaxa": 0.0, "dev_ratio_v2_2020_2024": -0.24, "terrain_dev_type_v2_2020_2024": "F_安定低適地", "dev_ratio_v2_2011_2022": 0.82666666666666666, "terrain_dev_type_v2_2011_2022": "F_安定低適地", "dev_pos_count_v1": 10, "dev_neg_count_v1": 1, "dev_zero_count_v1": 3739, "dev_total_v1": 3750, "dev_sum_v1": 9, "dev_ratio_v1": 0.24, "gi_pressure_score_v1": 0.005, "gi_conservation_score_v1": 0.0, "terrain_dev_type_v1": "F_安定低適地", "priority_rank_v1": 2, "dev_ratio": -0.24, "gi_pressure_score": 0.0, "gi_conservation_score": 0.005, "terrain_dev_type": "F_安定低適地", "priority_rank": 1 }, "geometry": { "type": "Polygon", "coordinates": [ [ [ 135.65625, 34.891666666666666 ], [ 135.65625, 34.895833333333336 ], [ 135.65, 34.895833333333336 ], [ 135.65, 34.891666666666666 ], [ 135.65625, 34.891666666666666 ] ] ] } },
{ "type": "Feature", "properties": { "mesh4_code": "523525722", "gi_score_mode": 2.0, "n_valid": 64, "infil_suitable_ratio": 1.0, "paddy_frac": 0.0055779824, "diversity_mean": 0.7380088, "lc_valid": 625, "urban_frac": 0.1968, "forest_frac": 0.1424, "agri_frac": 0.048, "paddy_jaxa": 0.0, "water_jaxa": 0.0, "dev_ratio_v2_2020_2024": -2.1333333333333333, "terrain_dev_type_v2_2020_2024": "F_安定低適地", "dev_ratio_v2_2011_2022": 10.853333333333332, "terrain_dev_type_v2_2011_2022": "D_開発監視地", "dev_pos_count_v1": 115, "dev_neg_count_v1": 20, "dev_zero_count_v1": 3615, "dev_total_v1": 3750, "dev_sum_v1": 95, "dev_ratio_v1": 2.53, "gi_pressure_score_v1": 0.051, "gi_conservation_score_v1": 0.0, "terrain_dev_type_v1": "F_安定低適地", "priority_rank_v1": 3, "dev_ratio": -2.1333333333333333, "gi_pressure_score": 0.0, "gi_conservation_score": 0.043, "terrain_dev_type": "F_安定低適地", "priority_rank": 2 }, "geometry": { "type": "Polygon", "coordinates": [ [ [ 135.6625, 34.891666666666666 ], [ 135.6625, 34.895833333333336 ], [ 135.65625, 34.895833333333336 ], [ 135.65625, 34.891666666666666 ], [ 135.6625, 34.891666666666666 ] ] ] } },
{ "type": "Feature", "properties": { "mesh4_code": "523525731", "gi_score_mode": 2.0, "n_valid": 64, "infil_suitable_ratio": 1.0, "paddy_frac": 0.0045221513, "diversity_mean": 0.72425151, "lc_valid": 625, "urban_frac": 0.1904, "forest_frac": 0.1952, "agri_frac": 0.032, "paddy_jaxa": 0.0, "water_jaxa": 0.0, "dev_ratio_v2_2020_2024": -1.4666666666666666, "terrain_dev_type_v2_2020_2024": "F_安定低適地", "dev_ratio_v2_2011_2022": 14.906666666666665, "terrain_dev_type_v2_2011_2022": "D_開発監視地", "dev_pos_count_v1": 80, "dev_neg_count_v1": 45, "dev_zero_count_v1": 3625, "dev_total_v1": 3750, "dev_sum_v1": 35, "dev_ratio_v1": 0.93, "gi_pressure_score_v1": 0.019, "gi_conservation_score_v1": 0.0, "terrain_dev_type_v1": "F_安定低適地", "priority_rank_v1": 2, "dev_ratio": -1.4666666666666666, "gi_pressure_score": 0.0, "gi_conservation_score": 0.029, "terrain_dev_type": "F_安定低適地", "priority_rank": 2 }, "geometry": { "type": "Polygon", "coordinates": [ [ [ 135.66875, 34.891666666666666 ], [ 135.66875, 34.895833333333336 ], [ 135.6625, 34.895833333333336 ], [ 135.6625, 34.891666666666666 ], [ 135.66875, 34.891666666666666 ] ] ] } },
{ "type": "Feature", "properties": { "mesh4_code": "523525732", "gi_score_mode": 2.0, "n_valid": 64, "infil_suitable_ratio": 1.0, "paddy_frac": 0.0014680151, "diversity_mean": 0.62221104, "lc_valid": 625, "urban_frac": 0.3616, "forest_frac": 0.088, "agri_frac": 0.0224, "paddy_jaxa": 0.0, "water_jaxa": 0.0, "dev_ratio_v2_2020_2024": -1.3066666666666666, "terrain_dev_type_v2_2020_2024": "F_安定低適地", "dev_ratio_v2_2011_2022": 15.44, "terrain_dev_type_v2_2011_2022": "D_開発監視地", "dev_pos_count_v1": 65, "dev_neg_count_v1": 15, "dev_zero_count_v1": 3670, "dev_total_v1": 3750, "dev_sum_v1": 50, "dev_ratio_v1": 1.33, "gi_pressure_score_v1": 0.027, "gi_conservation_score_v1": 0.0, "terrain_dev_type_v1": "F_安定低適地", "priority_rank_v1": 3, "dev_ratio": -1.3066666666666666, "gi_pressure_score": 0.0, "gi_conservation_score": 0.026, "terrain_dev_type": "F_安定低適地", "priority_rank": 2 }, "geometry": { "type": "Polygon", "coordinates": [ [ [ 135.675, 34.891666666666666 ], [ 135.675, 34.895833333333336 ], [ 135.66875, 34.895833333333336 ], [ 135.66875, 34.891666666666666 ], [ 135.675, 34.891666666666666 ] ] ] } },
{ "type": "Feature", "properties": { "mesh4_code": "523525741", "gi_score_mode": 2.0, "n_valid": 64, "infil_suitable_ratio": 0.35, "paddy_frac": 0.0, "diversity_mean": 0.66508108, "lc_valid": 625, "urban_frac": 0.5072, "forest_frac": 0.08, "agri_frac": 0.0336, "paddy_jaxa": 0.0, "water_jaxa": 0.0, "dev_ratio_v2_2020_2024": -3.3866666666666672, "terrain_dev_type_v2_2020_2024": "F_安定低適地", "dev_ratio_v2_2011_2022": 28.48, "terrain_dev_type_v2_2011_2022": "D_開発監視地", "dev_pos_count_v1": 197, "dev_neg_count_v1": 50, "dev_zero_count_v1": 3503, "dev_total_v1": 3750, "dev_sum_v1": 147, "dev_ratio_v1": 3.92, "gi_pressure_score_v1": 0.078, "gi_conservation_score_v1": 0.0, "terrain_dev_type_v1": "F_安定低適地", "priority_rank_v1": 4, "dev_ratio": -3.3866666666666672, "gi_pressure_score": 0.0, "gi_conservation_score": 0.068, "terrain_dev_type": "F_安定低適地", "priority_rank": 2 }, "geometry": { "type": "Polygon", "coordinates": [ [ [ 135.68125, 34.891666666666666 ], [ 135.68125, 34.895833333333336 ], [ 135.675, 34.895833333333336 ], [ 135.675, 34.891666666666666 ], [ 135.68125, 34.891666666666666 ] ] ] } },
{ "type": "Feature", "properties": { "mesh4_code": "523525742", "gi_score_mode": 3.0, "n_valid": 64, "infil_suitable_ratio": 0.0, "paddy_frac": 0.0, "diversity_mean": 0.77611959, "lc_valid": 625, "urban_frac": 0.7232, "forest_frac": 0.0176, "agri_frac": 0.0912, "paddy_jaxa": 0.0, "water_jaxa": 0.0304, "dev_ratio_v2_2020_2024": -3.36, "terrain_dev_type_v2_2020_2024": "F_安定低適地", "dev_ratio_v2_2011_2022": 14.48, "terrain_dev_type_v2_2011_2022": "D_開発監視地", "dev_pos_count_v1": 149, "dev_neg_count_v1": 5, "dev_zero_count_v1": 3596, "dev_total_v1": 3750, "dev_sum_v1": 144, "dev_ratio_v1": 3.84, "gi_pressure_score_v1": 0.115, "gi_conservation_score_v1": 0.0, "terrain_dev_type_v1": "F_安定低適地", "priority_rank_v1": 4, "dev_ratio": -3.36, "gi_pressure_score": 0.0, "gi_conservation_score": 0.101, "terrain_dev_type": "F_安定低適地", "priority_rank": 2 }, "geometry": { "type": "Polygon", "coordinates": [ [ [ 135.6875, 34.891666666666666 ], [ 135.6875, 34.895833333333336 ], [ 135.68125, 34.895833333333336 ], [ 135.68125, 34.891666666666666 ], [ 135.6875, 34.891666666666666 ] ] ] } },
{ "type": "Feature", "properties": { "mesh4_code": "523525751", "gi_score_mode": 5.0, "n_valid": 64, "infil_suitable_ratio": 0.0, "paddy_frac": 0.0, "diversity_mean": 0.76115012, "lc_valid": 625, "urban_frac": 0.2208, "forest_frac": 0.112, "agri_frac": 0.1312, "paddy_jaxa": 0.0, "water_jaxa": 0.2208, "dev_ratio_v2_2020_2024": -4.0, "terrain_dev_type_v2_2020_2024": "B_GI整備候補地", "dev_ratio_v2_2011_2022": 4.3733333333333331, "terrain_dev_type_v2_2011_2022": "B_GI整備候補地", "dev_pos_count_v1": 165, "dev_neg_count_v1": 1, "dev_zero_count_v1": 3584, "dev_total_v1": 3750, "dev_sum_v1": 164, "dev_ratio_v1": 4.37, "gi_pressure_score_v1": 0.219, "gi_conservation_score_v1": 0.0, "terrain_dev_type_v1": "B_GI整備候補地", "priority_rank_v1": 5, "dev_ratio": -4.0, "gi_pressure_score": 0.0, "gi_conservation_score": 0.2, "terrain_dev_type": "B_GI整備候補地", "priority_rank": 2 }, "geometry": { "type": "Polygon", "coordinates": [ [ [ 135.69375, 34.891666666666666 ], [ 135.69375, 34.895833333333336 ], [ 135.6875, 34.895833333333336 ], [ 135.6875, 34.891666666666666 ], [ 135.69375, 34.891666666666666 ] ] ] } },
{ "type": "Feature", "properties": { "mesh4_code": "523525703", "gi_score_mode": 2.0, "n_valid": 64, "infil_suitable_ratio": null, "paddy_frac": 0.013024204, "diversity_mean": 0.67160165, "lc_valid": 625, "urban_frac": 0.1856, "forest_frac": 0.1568, "agri_frac": 0.0224, "paddy_jaxa": 0.0, "water_jaxa": 0.008, "dev_ratio_v2_2020_2024": 3.3866666666666672, "terrain_dev_type_v2_2020_2024": "F_安定低適地", "dev_ratio_v2_2011_2022": 24.0, "terrain_dev_type_v2_2011_2022": "D_開発監視地", "dev_pos_count_v1": 199, "dev_neg_count_v1": 282, "dev_zero_count_v1": 3269, "dev_total_v1": 3750, "dev_sum_v1": -83, "dev_ratio_v1": -2.21, "gi_pressure_score_v1": 0.0, "gi_conservation_score_v1": 0.044, "terrain_dev_type_v1": "F_安定低適地", "priority_rank_v1": 2, "dev_ratio": 3.3866666666666672, "gi_pressure_score": 0.068, "gi_conservation_score": 0.0, "terrain_dev_type": "F_安定低適地", "priority_rank": 5 }, "geometry": { "type": "Polygon", "coordinates": [ [ [ 135.63125, 34.895833333333336 ], [ 135.63125, 34.9 ], [ 135.625, 34.9 ], [ 135.625, 34.895833333333336 ], [ 135.63125, 34.895833333333336 ] ] ] } },
{ "type": "Feature", "properties": { "mesh4_code": "523525704", "gi_score_mode": 2.0, "n_valid": 64, "infil_suitable_ratio": null, "paddy_frac": 5.4373299e-06, "diversity_mean": 0.642075, "lc_valid": 625, "urban_frac": 0.0, "forest_frac": 0.896, "agri_frac": 0.0016, "paddy_jaxa": 0.0, "water_jaxa": 0.0, "dev_ratio_v2_2020_2024": 0.053333333333333302, "terrain_dev_type_v2_2020_2024": "F_安定低適地", "dev_ratio_v2_2011_2022": 1.8933333333333331, "terrain_dev_type_v2_2011_2022": "F_安定低適地", "dev_pos_count_v1": 11, "dev_neg_count_v1": 6, "dev_zero_count_v1": 3733, "dev_total_v1": 3750, "dev_sum_v1": 5, "dev_ratio_v1": 0.13, "gi_pressure_score_v1": 0.003, "gi_conservation_score_v1": 0.0, "terrain_dev_type_v1": "F_安定低適地", "priority_rank_v1": 2, "dev_ratio": 0.053333333333333302, "gi_pressure_score": 0.001, "gi_conservation_score": 0.0, "terrain_dev_type": "F_安定低適地", "priority_rank": 2 }, "geometry": { "type": "Polygon", "coordinates": [ [ [ 135.6375, 34.895833333333336 ], [ 135.6375, 34.9 ], [ 135.63125, 34.9 ], [ 135.63125, 34.895833333333336 ], [ 135.6375, 34.895833333333336 ] ] ] } },
{ "type": "Feature", "properties": { "mesh4_code": "523525713", "gi_score_mode": 1.5, "n_valid": 64, "infil_suitable_ratio": null, "paddy_frac": 0.0, "diversity_mean": 0.59740889, "lc_valid": 625, "urban_frac": 0.0, "forest_frac": 0.9568, "agri_frac": 0.0032, "paddy_jaxa": 0.0, "water_jaxa": 0.0, "dev_ratio_v2_2020_2024": 0.0, "terrain_dev_type_v2_2020_2024": "F_安定低適地", "dev_ratio_v2_2011_2022": 0.0, "terrain_dev_type_v2_2011_2022": "F_安定低適地", "dev_pos_count_v1": 0, "dev_neg_count_v1": 0, "dev_zero_count_v1": 3750, "dev_total_v1": 3750, "dev_sum_v1": 0, "dev_ratio_v1": 0.0, "gi_pressure_score_v1": 0.0, "gi_conservation_score_v1": 0.0, "terrain_dev_type_v1": "F_安定低適地", "priority_rank_v1": 1, "dev_ratio": 0.0, "gi_pressure_score": 0.0, "gi_conservation_score": 0.0, "terrain_dev_type": "F_安定低適地", "priority_rank": 1 }, "geometry": { "type": "Polygon", "coordinates": [ [ [ 135.64375, 34.895833333333336 ], [ 135.64375, 34.9 ], [ 135.6375, 34.9 ], [ 135.6375, 34.895833333333336 ], [ 135.64375, 34.895833333333336 ] ] ] } },
{ "type": "Feature", "properties": { "mesh4_code": "523525714", "gi_score_mode": 1.5, "n_valid": 64, "infil_suitable_ratio": 1.0, "paddy_frac": 0.010778529, "diversity_mean": 0.66828167, "lc_valid": 625, "urban_frac": 0.0, "forest_frac": 0.9312, "agri_frac": 0.0, "paddy_jaxa": 0.0, "water_jaxa": 0.0, "dev_ratio_v2_2020_2024": 0.0, "terrain_dev_type_v2_2020_2024": "F_安定低適地", "dev_ratio_v2_2011_2022": 0.0, "terrain_dev_type_v2_2011_2022": "F_安定低適地", "dev_pos_count_v1": 0, "dev_neg_count_v1": 0, "dev_zero_count_v1": 3750, "dev_total_v1": 3750, "dev_sum_v1": 0, "dev_ratio_v1": 0.0, "gi_pressure_score_v1": 0.0, "gi_conservation_score_v1": 0.0, "terrain_dev_type_v1": "F_安定低適地", "priority_rank_v1": 1, "dev_ratio": 0.0, "gi_pressure_score": 0.0, "gi_conservation_score": 0.0, "terrain_dev_type": "F_安定低適地", "priority_rank": 1 }, "geometry": { "type": "Polygon", "coordinates": [ [ [ 135.65, 34.895833333333336 ], [ 135.65, 34.9 ], [ 135.64375, 34.9 ], [ 135.64375, 34.895833333333336 ], [ 135.65, 34.895833333333336 ] ] ] } },
{ "type": "Feature", "properties": { "mesh4_code": "523525723", "gi_score_mode": 2.0, "n_valid": 64, "infil_suitable_ratio": 1.0, "paddy_frac": 0.030355001, "diversity_mean": 0.74273837, "lc_valid": 625, "urban_frac": 0.1328, "forest_frac": 0.2304, "agri_frac": 0.1056, "paddy_jaxa": 0.0, "water_jaxa": 0.0, "dev_ratio_v2_2020_2024": -2.72, "terrain_dev_type_v2_2020_2024": "F_安定低適地", "dev_ratio_v2_2011_2022": 10.186666666666666, "terrain_dev_type_v2_2011_2022": "D_開発監視地", "dev_pos_count_v1": 131, "dev_neg_count_v1": 27, "dev_zero_count_v1": 3592, "dev_total_v1": 3750, "dev_sum_v1": 104, "dev_ratio_v1": 2.77, "gi_pressure_score_v1": 0.055, "gi_conservation_score_v1": 0.0, "terrain_dev_type_v1": "F_安定低適地", "priority_rank_v1": 3, "dev_ratio": -2.72, "gi_pressure_score": 0.0, "gi_conservation_score": 0.054, "terrain_dev_type": "F_安定低適地", "priority_rank": 2 }, "geometry": { "type": "Polygon", "coordinates": [ [ [ 135.65625, 34.895833333333336 ], [ 135.65625, 34.9 ], [ 135.65, 34.9 ], [ 135.65, 34.895833333333336 ], [ 135.65625, 34.895833333333336 ] ] ] } },
{ "type": "Feature", "properties": { "mesh4_code": "523525724", "gi_score_mode": 2.0, "n_valid": 64, "infil_suitable_ratio": null, "paddy_frac": 0.0082134791, "diversity_mean": 0.7306959, "lc_valid": 625, "urban_frac": 0.0208, "forest_frac": 0.6096, "agri_frac": 0.0768, "paddy_jaxa": 0.0, "water_jaxa": 0.0, "dev_ratio_v2_2020_2024": -0.64, "terrain_dev_type_v2_2020_2024": "F_安定低適地", "dev_ratio_v2_2011_2022": 3.0133333333333336, "terrain_dev_type_v2_2011_2022": "F_安定低適地", "dev_pos_count_v1": 44, "dev_neg_count_v1": 16, "dev_zero_count_v1": 3690, "dev_total_v1": 3750, "dev_sum_v1": 28, "dev_ratio_v1": 0.75, "gi_pressure_score_v1": 0.015, "gi_conservation_score_v1": 0.0, "terrain_dev_type_v1": "F_安定低適地", "priority_rank_v1": 2, "dev_ratio": -0.64, "gi_pressure_score": 0.0, "gi_conservation_score": 0.013, "terrain_dev_type": "F_安定低適地", "priority_rank": 1 }, "geometry": { "type": "Polygon", "coordinates": [ [ [ 135.6625, 34.895833333333336 ], [ 135.6625, 34.9 ], [ 135.65625, 34.9 ], [ 135.65625, 34.895833333333336 ], [ 135.6625, 34.895833333333336 ] ] ] } },
{ "type": "Feature", "properties": { "mesh4_code": "523525733", "gi_score_mode": 1.0, "n_valid": 64, "infil_suitable_ratio": null, "paddy_frac": 0.0, "diversity_mean": 0.62705404, "lc_valid": 625, "urban_frac": 0.0, "forest_frac": 0.7488, "agri_frac": 0.0, "paddy_jaxa": 0.0, "water_jaxa": 0.0, "dev_ratio_v2_2020_2024": 0.0, "terrain_dev_type_v2_2020_2024": "F_安定低適地", "dev_ratio_v2_2011_2022": 0.0, "terrain_dev_type_v2_2011_2022": "F_安定低適地", "dev_pos_count_v1": 0, "dev_neg_count_v1": 0, "dev_zero_count_v1": 3750, "dev_total_v1": 3750, "dev_sum_v1": 0, "dev_ratio_v1": 0.0, "gi_pressure_score_v1": 0.0, "gi_conservation_score_v1": 0.0, "terrain_dev_type_v1": "F_安定低適地", "priority_rank_v1": 1, "dev_ratio": 0.0, "gi_pressure_score": 0.0, "gi_conservation_score": 0.0, "terrain_dev_type": "F_安定低適地", "priority_rank": 1 }, "geometry": { "type": "Polygon", "coordinates": [ [ [ 135.66875, 34.895833333333336 ], [ 135.66875, 34.9 ], [ 135.6625, 34.9 ], [ 135.6625, 34.895833333333336 ], [ 135.66875, 34.895833333333336 ] ] ] } },
{ "type": "Feature", "properties": { "mesh4_code": "523525734", "gi_score_mode": 1.5, "n_valid": 64, "infil_suitable_ratio": null, "paddy_frac": 0.0, "diversity_mean": 0.62270206, "lc_valid": 625, "urban_frac": 0.0, "forest_frac": 0.5488, "agri_frac": 0.0128, "paddy_jaxa": 0.0, "water_jaxa": 0.0, "dev_ratio_v2_2020_2024": 0.0, "terrain_dev_type_v2_2020_2024": "F_安定低適地", "dev_ratio_v2_2011_2022": 0.0, "terrain_dev_type_v2_2011_2022": "F_安定低適地", "dev_pos_count_v1": 0, "dev_neg_count_v1": 0, "dev_zero_count_v1": 3750, "dev_total_v1": 3750, "dev_sum_v1": 0, "dev_ratio_v1": 0.0, "gi_pressure_score_v1": 0.0, "gi_conservation_score_v1": 0.0, "terrain_dev_type_v1": "F_安定低適地", "priority_rank_v1": 1, "dev_ratio": 0.0, "gi_pressure_score": 0.0, "gi_conservation_score": 0.0, "terrain_dev_type": "F_安定低適地", "priority_rank": 1 }, "geometry": { "type": "Polygon", "coordinates": [ [ [ 135.675, 34.895833333333336 ], [ 135.675, 34.9 ], [ 135.66875, 34.9 ], [ 135.66875, 34.895833333333336 ], [ 135.675, 34.895833333333336 ] ] ] } },
{ "type": "Feature", "properties": { "mesh4_code": "523525743", "gi_score_mode": 1.0, "n_valid": 64, "infil_suitable_ratio": 0.2173913, "paddy_frac": 0.0, "diversity_mean": 0.65393972, "lc_valid": 625, "urban_frac": 0.0016, "forest_frac": 0.3344, "agri_frac": 0.0272, "paddy_jaxa": 0.0, "water_jaxa": 0.0, "dev_ratio_v2_2020_2024": 0.0, "terrain_dev_type_v2_2020_2024": "F_安定低適地", "dev_ratio_v2_2011_2022": 0.08, "terrain_dev_type_v2_2011_2022": "F_安定低適地", "dev_pos_count_v1": 5, "dev_neg_count_v1": 5, "dev_zero_count_v1": 3740, "dev_total_v1": 3750, "dev_sum_v1": 0, "dev_ratio_v1": 0.0, "gi_pressure_score_v1": 0.0, "gi_conservation_score_v1": 0.0, "terrain_dev_type_v1": "F_安定低適地", "priority_rank_v1": 1, "dev_ratio": 0.0, "gi_pressure_score": 0.0, "gi_conservation_score": 0.0, "terrain_dev_type": "F_安定低適地", "priority_rank": 1 }, "geometry": { "type": "Polygon", "coordinates": [ [ [ 135.68125, 34.895833333333336 ], [ 135.68125, 34.9 ], [ 135.675, 34.9 ], [ 135.675, 34.895833333333336 ], [ 135.68125, 34.895833333333336 ] ] ] } },
{ "type": "Feature", "properties": { "mesh4_code": "523525744", "gi_score_mode": 2.5, "n_valid": 64, "infil_suitable_ratio": 0.01923077, "paddy_frac": 0.0012802406, "diversity_mean": 0.67746991, "lc_valid": 625, "urban_frac": 0.656, "forest_frac": 0.1056, "agri_frac": 0.0592, "paddy_jaxa": 0.0, "water_jaxa": 0.0, "dev_ratio_v2_2020_2024": -0.98666666666666658, "terrain_dev_type_v2_2020_2024": "F_安定低適地", "dev_ratio_v2_2011_2022": 19.706666666666667, "terrain_dev_type_v2_2011_2022": "D_開発監視地", "dev_pos_count_v1": 99, "dev_neg_count_v1": 42, "dev_zero_count_v1": 3609, "dev_total_v1": 3750, "dev_sum_v1": 57, "dev_ratio_v1": 1.52, "gi_pressure_score_v1": 0.038, "gi_conservation_score_v1": 0.0, "terrain_dev_type_v1": "F_安定低適地", "priority_rank_v1": 3, "dev_ratio": -0.98666666666666658, "gi_pressure_score": 0.0, "gi_conservation_score": 0.025, "terrain_dev_type": "F_安定低適地", "priority_rank": 2 }, "geometry": { "type": "Polygon", "coordinates": [ [ [ 135.6875, 34.895833333333336 ], [ 135.6875, 34.9 ], [ 135.68125, 34.9 ], [ 135.68125, 34.895833333333336 ], [ 135.6875, 34.895833333333336 ] ] ] } },
{ "type": "Feature", "properties": { "mesh4_code": "523524892", "gi_score_mode": 1.5, "n_valid": 64, "infil_suitable_ratio": null, "paddy_frac": 0.0026086369, "diversity_mean": 0.45391327, "lc_valid": 625, "urban_frac": 0.0864, "forest_frac": 0.8448, "agri_frac": 0.0, "paddy_jaxa": 0.0, "water_jaxa": 0.0, "dev_ratio_v2_2020_2024": -0.96, "terrain_dev_type_v2_2020_2024": "F_安定低適地", "dev_ratio_v2_2011_2022": 7.626666666666666, "terrain_dev_type_v2_2011_2022": "D_開発監視地", "dev_pos_count_v1": 46, "dev_neg_count_v1": 9, "dev_zero_count_v1": 3695, "dev_total_v1": 3750, "dev_sum_v1": 37, "dev_ratio_v1": 0.99, "gi_pressure_score_v1": 0.015, "gi_conservation_score_v1": 0.0, "terrain_dev_type_v1": "F_安定低適地", "priority_rank_v1": 2, "dev_ratio": -0.96, "gi_pressure_score": 0.0, "gi_conservation_score": 0.014, "terrain_dev_type": "F_安定低適地", "priority_rank": 1 }, "geometry": { "type": "Polygon", "coordinates": [ [ [ 135.625, 34.9 ], [ 135.625, 34.904166666666669 ], [ 135.61875, 34.904166666666669 ], [ 135.61875, 34.9 ], [ 135.625, 34.9 ] ] ] } },
{ "type": "Feature", "properties": { "mesh4_code": "523525801", "gi_score_mode": 1.5, "n_valid": 64, "infil_suitable_ratio": null, "paddy_frac": 0.00058349775, "diversity_mean": 0.62195277, "lc_valid": 625, "urban_frac": 0.0176, "forest_frac": 0.3088, "agri_frac": 0.024, "paddy_jaxa": 0.0, "water_jaxa": 0.0, "dev_ratio_v2_2020_2024": 15.44, "terrain_dev_type_v2_2020_2024": "D_開発監視地", "dev_ratio_v2_2011_2022": 36.24, "terrain_dev_type_v2_2011_2022": "D_開発監視地", "dev_pos_count_v1": 135, "dev_neg_count_v1": 618, "dev_zero_count_v1": 2997, "dev_total_v1": 3750, "dev_sum_v1": -483, "dev_ratio_v1": -12.88, "gi_pressure_score_v1": 0.0, "gi_conservation_score_v1": 0.193, "terrain_dev_type_v1": "E_低優先回復地", "priority_rank_v1": 2, "dev_ratio": 15.44, "gi_pressure_score": 0.232, "gi_conservation_score": 0.0, "terrain_dev_type": "D_開発監視地", "priority_rank": 5 }, "geometry": { "type": "Polygon", "coordinates": [ [ [ 135.63125, 34.9 ], [ 135.63125, 34.904166666666669 ], [ 135.625, 34.904166666666669 ], [ 135.625, 34.9 ], [ 135.63125, 34.9 ] ] ] } },
{ "type": "Feature", "properties": { "mesh4_code": "523525802", "gi_score_mode": 1.0, "n_valid": 64, "infil_suitable_ratio": null, "paddy_frac": 0.0, "diversity_mean": 0.57292998, "lc_valid": 625, "urban_frac": 0.0, "forest_frac": 0.8864, "agri_frac": 0.0048, "paddy_jaxa": 0.0, "water_jaxa": 0.0, "dev_ratio_v2_2020_2024": 0.42666666666666669, "terrain_dev_type_v2_2020_2024": "F_安定低適地", "dev_ratio_v2_2011_2022": 2.5333333333333332, "terrain_dev_type_v2_2011_2022": "F_安定低適地", "dev_pos_count_v1": 2, "dev_neg_count_v1": 18, "dev_zero_count_v1": 3730, "dev_total_v1": 3750, "dev_sum_v1": -16, "dev_ratio_v1": -0.43, "gi_pressure_score_v1": 0.0, "gi_conservation_score_v1": 0.004, "terrain_dev_type_v1": "F_安定低適地", "priority_rank_v1": 2, "dev_ratio": 0.42666666666666669, "gi_pressure_score": 0.004, "gi_conservation_score": 0.0, "terrain_dev_type": "F_安定低適地", "priority_rank": 2 }, "geometry": { "type": "Polygon", "coordinates": [ [ [ 135.6375, 34.9 ], [ 135.6375, 34.904166666666669 ], [ 135.63125, 34.904166666666669 ], [ 135.63125, 34.9 ], [ 135.6375, 34.9 ] ] ] } },
{ "type": "Feature", "properties": { "mesh4_code": "523525811", "gi_score_mode": 1.0, "n_valid": 64, "infil_suitable_ratio": null, "paddy_frac": 0.0, "diversity_mean": 0.50538874, "lc_valid": 625, "urban_frac": 0.0, "forest_frac": 0.9184, "agri_frac": 0.0128, "paddy_jaxa": 0.0, "water_jaxa": 0.0, "dev_ratio_v2_2020_2024": -0.1333333333333333, "terrain_dev_type_v2_2020_2024": "F_安定低適地", "dev_ratio_v2_2011_2022": 0.21333333333333329, "terrain_dev_type_v2_2011_2022": "F_安定低適地", "dev_pos_count_v1": 8, "dev_neg_count_v1": 3, "dev_zero_count_v1": 3739, "dev_total_v1": 3750, "dev_sum_v1": 5, "dev_ratio_v1": 0.13, "gi_pressure_score_v1": 0.001, "gi_conservation_score_v1": 0.0, "terrain_dev_type_v1": "F_安定低適地", "priority_rank_v1": 2, "dev_ratio": -0.1333333333333333, "gi_pressure_score": 0.0, "gi_conservation_score": 0.001, "terrain_dev_type": "F_安定低適地", "priority_rank": 1 }, "geometry": { "type": "Polygon", "coordinates": [ [ [ 135.64375, 34.9 ], [ 135.64375, 34.904166666666669 ], [ 135.6375, 34.904166666666669 ], [ 135.6375, 34.9 ], [ 135.64375, 34.9 ] ] ] } },
{ "type": "Feature", "properties": { "mesh4_code": "523525812", "gi_score_mode": 2.0, "n_valid": 64, "infil_suitable_ratio": null, "paddy_frac": 0.0008286403, "diversity_mean": 0.55509138, "lc_valid": 625, "urban_frac": 0.0, "forest_frac": 0.9744, "agri_frac": 0.0, "paddy_jaxa": 0.0, "water_jaxa": 0.0, "dev_ratio_v2_2020_2024": -0.053333333333333302, "terrain_dev_type_v2_2020_2024": "F_安定低適地", "dev_ratio_v2_2011_2022": 0.0, "terrain_dev_type_v2_2011_2022": "F_安定低適地", "dev_pos_count_v1": 2, "dev_neg_count_v1": 0, "dev_zero_count_v1": 3748, "dev_total_v1": 3750, "dev_sum_v1": 2, "dev_ratio_v1": 0.05, "gi_pressure_score_v1": 0.001, "gi_conservation_score_v1": 0.0, "terrain_dev_type_v1": "F_安定低適地", "priority_rank_v1": 2, "dev_ratio": -0.053333333333333302, "gi_pressure_score": 0.0, "gi_conservation_score": 0.001, "terrain_dev_type": "F_安定低適地", "priority_rank": 1 }, "geometry": { "type": "Polygon", "coordinates": [ [ [ 135.65, 34.9 ], [ 135.65, 34.904166666666669 ], [ 135.64375, 34.904166666666669 ], [ 135.64375, 34.9 ], [ 135.65, 34.9 ] ] ] } },
{ "type": "Feature", "properties": { "mesh4_code": "523525821", "gi_score_mode": 1.5, "n_valid": 64, "infil_suitable_ratio": null, "paddy_frac": 0.0053582177, "diversity_mean": 0.66985089, "lc_valid": 625, "urban_frac": 0.0016, "forest_frac": 0.5584, "agri_frac": 0.008, "paddy_jaxa": 0.0, "water_jaxa": 0.0, "dev_ratio_v2_2020_2024": -0.26666666666666661, "terrain_dev_type_v2_2020_2024": "F_安定低適地", "dev_ratio_v2_2011_2022": 0.93333333333333357, "terrain_dev_type_v2_2011_2022": "F_安定低適地", "dev_pos_count_v1": 15, "dev_neg_count_v1": 2, "dev_zero_count_v1": 3733, "dev_total_v1": 3750, "dev_sum_v1": 13, "dev_ratio_v1": 0.35, "gi_pressure_score_v1": 0.005, "gi_conservation_score_v1": 0.0, "terrain_dev_type_v1": "F_安定低適地", "priority_rank_v1": 2, "dev_ratio": -0.26666666666666661, "gi_pressure_score": 0.0, "gi_conservation_score": 0.004, "terrain_dev_type": "F_安定低適地", "priority_rank": 1 }, "geometry": { "type": "Polygon", "coordinates": [ [ [ 135.65625, 34.9 ], [ 135.65625, 34.904166666666669 ], [ 135.65, 34.904166666666669 ], [ 135.65, 34.9 ], [ 135.65625, 34.9 ] ] ] } },
{ "type": "Feature", "properties": { "mesh4_code": "523525822", "gi_score_mode": 1.5, "n_valid": 64, "infil_suitable_ratio": null, "paddy_frac": 0.00048049903, "diversity_mean": 0.64333951, "lc_valid": 625, "urban_frac": 0.0368, "forest_frac": 0.6912, "agri_frac": 0.0096, "paddy_jaxa": 0.0, "water_jaxa": 0.0, "dev_ratio_v2_2020_2024": -0.08, "terrain_dev_type_v2_2020_2024": "F_安定低適地", "dev_ratio_v2_2011_2022": 2.56, "terrain_dev_type_v2_2011_2022": "F_安定低適地", "dev_pos_count_v1": 27, "dev_neg_count_v1": 4, "dev_zero_count_v1": 3719, "dev_total_v1": 3750, "dev_sum_v1": 23, "dev_ratio_v1": 0.61, "gi_pressure_score_v1": 0.009, "gi_conservation_score_v1": 0.0, "terrain_dev_type_v1": "F_安定低適地", "priority_rank_v1": 2, "dev_ratio": -0.08, "gi_pressure_score": 0.0, "gi_conservation_score": 0.001, "terrain_dev_type": "F_安定低適地", "priority_rank": 1 }, "geometry": { "type": "Polygon", "coordinates": [ [ [ 135.6625, 34.9 ], [ 135.6625, 34.904166666666669 ], [ 135.65625, 34.904166666666669 ], [ 135.65625, 34.9 ], [ 135.6625, 34.9 ] ] ] } },
{ "type": "Feature", "properties": { "mesh4_code": "523525831", "gi_score_mode": 1.5, "n_valid": 64, "infil_suitable_ratio": null, "paddy_frac": 0.0, "diversity_mean": 0.4527638, "lc_valid": 625, "urban_frac": 0.0, "forest_frac": 0.8832, "agri_frac": 0.0032, "paddy_jaxa": 0.0, "water_jaxa": 0.0, "dev_ratio_v2_2020_2024": 0.0, "terrain_dev_type_v2_2020_2024": "F_安定低適地", "dev_ratio_v2_2011_2022": 0.0, "terrain_dev_type_v2_2011_2022": "F_安定低適地", "dev_pos_count_v1": 0, "dev_neg_count_v1": 0, "dev_zero_count_v1": 3750, "dev_total_v1": 3750, "dev_sum_v1": 0, "dev_ratio_v1": 0.0, "gi_pressure_score_v1": 0.0, "gi_conservation_score_v1": 0.0, "terrain_dev_type_v1": "F_安定低適地", "priority_rank_v1": 1, "dev_ratio": 0.0, "gi_pressure_score": 0.0, "gi_conservation_score": 0.0, "terrain_dev_type": "F_安定低適地", "priority_rank": 1 }, "geometry": { "type": "Polygon", "coordinates": [ [ [ 135.66875, 34.9 ], [ 135.66875, 34.904166666666669 ], [ 135.6625, 34.904166666666669 ], [ 135.6625, 34.9 ], [ 135.66875, 34.9 ] ] ] } },
{ "type": "Feature", "properties": { "mesh4_code": "523525832", "gi_score_mode": 2.5, "n_valid": 64, "infil_suitable_ratio": null, "paddy_frac": 0.0, "diversity_mean": 0.44124961, "lc_valid": 625, "urban_frac": 0.0, "forest_frac": 0.696, "agri_frac": 0.0, "paddy_jaxa": 0.0, "water_jaxa": 0.0, "dev_ratio_v2_2020_2024": -0.026666666666666599, "terrain_dev_type_v2_2020_2024": "F_安定低適地", "dev_ratio_v2_2011_2022": 0.0, "terrain_dev_type_v2_2011_2022": "F_安定低適地", "dev_pos_count_v1": 1, "dev_neg_count_v1": 0, "dev_zero_count_v1": 3749, "dev_total_v1": 3750, "dev_sum_v1": 1, "dev_ratio_v1": 0.03, "gi_pressure_score_v1": 0.001, "gi_conservation_score_v1": 0.0, "terrain_dev_type_v1": "F_安定低適地", "priority_rank_v1": 2, "dev_ratio": -0.026666666666666599, "gi_pressure_score": 0.0, "gi_conservation_score": 0.001, "terrain_dev_type": "F_安定低適地", "priority_rank": 1 }, "geometry": { "type": "Polygon", "coordinates": [ [ [ 135.675, 34.9 ], [ 135.675, 34.904166666666669 ], [ 135.66875, 34.904166666666669 ], [ 135.66875, 34.9 ], [ 135.675, 34.9 ] ] ] } },
{ "type": "Feature", "properties": { "mesh4_code": "523525841", "gi_score_mode": 1.5, "n_valid": 64, "infil_suitable_ratio": 1.0, "paddy_frac": 0.00025846128, "diversity_mean": 0.58577847, "lc_valid": 625, "urban_frac": 0.0, "forest_frac": 0.4048, "agri_frac": 0.016, "paddy_jaxa": 0.0, "water_jaxa": 0.0, "dev_ratio_v2_2020_2024": -0.026666666666666599, "terrain_dev_type_v2_2020_2024": "F_安定低適地", "dev_ratio_v2_2011_2022": 0.08, "terrain_dev_type_v2_2011_2022": "F_安定低適地", "dev_pos_count_v1": 2, "dev_neg_count_v1": 1, "dev_zero_count_v1": 3747, "dev_total_v1": 3750, "dev_sum_v1": 1, "dev_ratio_v1": 0.03, "gi_pressure_score_v1": 0.0, "gi_conservation_score_v1": 0.0, "terrain_dev_type_v1": "F_安定低適地", "priority_rank_v1": 1, "dev_ratio": -0.026666666666666599, "gi_pressure_score": 0.0, "gi_conservation_score": 0.0, "terrain_dev_type": "F_安定低適地", "priority_rank": 1 }, "geometry": { "type": "Polygon", "coordinates": [ [ [ 135.68125, 34.9 ], [ 135.68125, 34.904166666666669 ], [ 135.675, 34.904166666666669 ], [ 135.675, 34.9 ], [ 135.68125, 34.9 ] ] ] } },
{ "type": "Feature", "properties": { "mesh4_code": "523525842", "gi_score_mode": 2.5, "n_valid": 64, "infil_suitable_ratio": 0.72972971, "paddy_frac": 0.042652763, "diversity_mean": 0.69491875, "lc_valid": 625, "urban_frac": 0.528, "forest_frac": 0.0992, "agri_frac": 0.0272, "paddy_jaxa": 0.0032, "water_jaxa": 0.0, "dev_ratio_v2_2020_2024": -0.1333333333333333, "terrain_dev_type_v2_2020_2024": "F_安定低適地", "dev_ratio_v2_2011_2022": 14.346666666666666, "terrain_dev_type_v2_2011_2022": "D_開発監視地", "dev_pos_count_v1": 74, "dev_neg_count_v1": 59, "dev_zero_count_v1": 3617, "dev_total_v1": 3750, "dev_sum_v1": 15, "dev_ratio_v1": 0.4, "gi_pressure_score_v1": 0.01, "gi_conservation_score_v1": 0.0, "terrain_dev_type_v1": "F_安定低適地", "priority_rank_v1": 2, "dev_ratio": -0.1333333333333333, "gi_pressure_score": 0.0, "gi_conservation_score": 0.003, "terrain_dev_type": "F_安定低適地", "priority_rank": 1 }, "geometry": { "type": "Polygon", "coordinates": [ [ [ 135.6875, 34.9 ], [ 135.6875, 34.904166666666669 ], [ 135.68125, 34.904166666666669 ], [ 135.68125, 34.9 ], [ 135.6875, 34.9 ] ] ] } },
{ "type": "Feature", "properties": { "mesh4_code": "523524894", "gi_score_mode": 1.5, "n_valid": 64, "infil_suitable_ratio": null, "paddy_frac": 0.002449543, "diversity_mean": 0.310188, "lc_valid": 625, "urban_frac": 0.0, "forest_frac": 0.9744, "agri_frac": 0.0016, "paddy_jaxa": 0.0, "water_jaxa": 0.0, "dev_ratio_v2_2020_2024": -0.08, "terrain_dev_type_v2_2020_2024": "F_安定低適地", "dev_ratio_v2_2011_2022": 0.053333333333333302, "terrain_dev_type_v2_2011_2022": "F_安定低適地", "dev_pos_count_v1": 4, "dev_neg_count_v1": 0, "dev_zero_count_v1": 3746, "dev_total_v1": 3750, "dev_sum_v1": 4, "dev_ratio_v1": 0.11, "gi_pressure_score_v1": 0.002, "gi_conservation_score_v1": 0.0, "terrain_dev_type_v1": "F_安定低適地", "priority_rank_v1": 2, "dev_ratio": -0.08, "gi_pressure_score": 0.0, "gi_conservation_score": 0.001, "terrain_dev_type": "F_安定低適地", "priority_rank": 1 }, "geometry": { "type": "Polygon", "coordinates": [ [ [ 135.625, 34.904166666666669 ], [ 135.625, 34.908333333333339 ], [ 135.61875, 34.908333333333339 ], [ 135.61875, 34.904166666666669 ], [ 135.625, 34.904166666666669 ] ] ] } },
{ "type": "Feature", "properties": { "mesh4_code": "523525803", "gi_score_mode": 1.5, "n_valid": 64, "infil_suitable_ratio": null, "paddy_frac": 0.0, "diversity_mean": 0.4655363, "lc_valid": 625, "urban_frac": 0.0, "forest_frac": 0.9008, "agri_frac": 0.0224, "paddy_jaxa": 0.0, "water_jaxa": 0.0, "dev_ratio_v2_2020_2024": -0.21333333333333329, "terrain_dev_type_v2_2020_2024": "F_安定低適地", "dev_ratio_v2_2011_2022": 0.8, "terrain_dev_type_v2_2011_2022": "F_安定低適地", "dev_pos_count_v1": 10, "dev_neg_count_v1": 2, "dev_zero_count_v1": 3738, "dev_total_v1": 3750, "dev_sum_v1": 8, "dev_ratio_v1": 0.21, "gi_pressure_score_v1": 0.003, "gi_conservation_score_v1": 0.0, "terrain_dev_type_v1": "F_安定低適地", "priority_rank_v1": 2, "dev_ratio": -0.21333333333333329, "gi_pressure_score": 0.0, "gi_conservation_score": 0.003, "terrain_dev_type": "F_安定低適地", "priority_rank": 1 }, "geometry": { "type": "Polygon", "coordinates": [ [ [ 135.63125, 34.904166666666669 ], [ 135.63125, 34.908333333333339 ], [ 135.625, 34.908333333333339 ], [ 135.625, 34.904166666666669 ], [ 135.63125, 34.904166666666669 ] ] ] } },
{ "type": "Feature", "properties": { "mesh4_code": "523525804", "gi_score_mode": 1.5, "n_valid": 64, "infil_suitable_ratio": null, "paddy_frac": 0.0, "diversity_mean": 0.51195484, "lc_valid": 625, "urban_frac": 0.0032, "forest_frac": 0.8208, "agri_frac": 0.0416, "paddy_jaxa": 0.0, "water_jaxa": 0.0, "dev_ratio_v2_2020_2024": -5.5466666666666669, "terrain_dev_type_v2_2020_2024": "E_低優先回復地", "dev_ratio_v2_2011_2022": 3.253333333333333, "terrain_dev_type_v2_2011_2022": "F_安定低適地", "dev_pos_count_v1": 209, "dev_neg_count_v1": 14, "dev_zero_count_v1": 3527, "dev_total_v1": 3750, "dev_sum_v1": 195, "dev_ratio_v1": 5.2, "gi_pressure_score_v1": 0.078, "gi_conservation_score_v1": 0.0, "terrain_dev_type_v1": "D_開発監視地", "priority_rank_v1": 4, "dev_ratio": -5.5466666666666669, "gi_pressure_score": 0.0, "gi_conservation_score": 0.083, "terrain_dev_type": "E_低優先回復地", "priority_rank": 2 }, "geometry": { "type": "Polygon", "coordinates": [ [ [ 135.6375, 34.904166666666669 ], [ 135.6375, 34.908333333333339 ], [ 135.63125, 34.908333333333339 ], [ 135.63125, 34.904166666666669 ], [ 135.6375, 34.904166666666669 ] ] ] } },
{ "type": "Feature", "properties": { "mesh4_code": "523525813", "gi_score_mode": 1.5, "n_valid": 64, "infil_suitable_ratio": null, "paddy_frac": 0.0, "diversity_mean": 0.49900323, "lc_valid": 625, "urban_frac": 0.0, "forest_frac": 0.952, "agri_frac": 0.0016, "paddy_jaxa": 0.0, "water_jaxa": 0.0, "dev_ratio_v2_2020_2024": 0.0, "terrain_dev_type_v2_2020_2024": "F_安定低適地", "dev_ratio_v2_2011_2022": 0.0, "terrain_dev_type_v2_2011_2022": "F_安定低適地", "dev_pos_count_v1": 0, "dev_neg_count_v1": 0, "dev_zero_count_v1": 3750, "dev_total_v1": 3750, "dev_sum_v1": 0, "dev_ratio_v1": 0.0, "gi_pressure_score_v1": 0.0, "gi_conservation_score_v1": 0.0, "terrain_dev_type_v1": "F_安定低適地", "priority_rank_v1": 1, "dev_ratio": 0.0, "gi_pressure_score": 0.0, "gi_conservation_score": 0.0, "terrain_dev_type": "F_安定低適地", "priority_rank": 1 }, "geometry": { "type": "Polygon", "coordinates": [ [ [ 135.64375, 34.904166666666669 ], [ 135.64375, 34.908333333333339 ], [ 135.6375, 34.908333333333339 ], [ 135.6375, 34.904166666666669 ], [ 135.64375, 34.904166666666669 ] ] ] } },
{ "type": "Feature", "properties": { "mesh4_code": "523525814", "gi_score_mode": 1.5, "n_valid": 64, "infil_suitable_ratio": null, "paddy_frac": 0.0, "diversity_mean": 0.50155979, "lc_valid": 625, "urban_frac": 0.0, "forest_frac": 0.9808, "agri_frac": 0.0, "paddy_jaxa": 0.0, "water_jaxa": 0.0, "dev_ratio_v2_2020_2024": 0.0, "terrain_dev_type_v2_2020_2024": "F_安定低適地", "dev_ratio_v2_2011_2022": 0.0, "terrain_dev_type_v2_2011_2022": "F_安定低適地", "dev_pos_count_v1": 0, "dev_neg_count_v1": 0, "dev_zero_count_v1": 3750, "dev_total_v1": 3750, "dev_sum_v1": 0, "dev_ratio_v1": 0.0, "gi_pressure_score_v1": 0.0, "gi_conservation_score_v1": 0.0, "terrain_dev_type_v1": "F_安定低適地", "priority_rank_v1": 1, "dev_ratio": 0.0, "gi_pressure_score": 0.0, "gi_conservation_score": 0.0, "terrain_dev_type": "F_安定低適地", "priority_rank": 1 }, "geometry": { "type": "Polygon", "coordinates": [ [ [ 135.65, 34.904166666666669 ], [ 135.65, 34.908333333333339 ], [ 135.64375, 34.908333333333339 ], [ 135.64375, 34.904166666666669 ], [ 135.65, 34.904166666666669 ] ] ] } },
{ "type": "Feature", "properties": { "mesh4_code": "523525823", "gi_score_mode": 2.0, "n_valid": 64, "infil_suitable_ratio": null, "paddy_frac": 0.0, "diversity_mean": 0.60546672, "lc_valid": 625, "urban_frac": 0.0208, "forest_frac": 0.6768, "agri_frac": 0.0656, "paddy_jaxa": 0.0, "water_jaxa": 0.0, "dev_ratio_v2_2020_2024": 0.45333333333333331, "terrain_dev_type_v2_2020_2024": "F_安定低適地", "dev_ratio_v2_2011_2022": 3.0133333333333336, "terrain_dev_type_v2_2011_2022": "F_安定低適地", "dev_pos_count_v1": 44, "dev_neg_count_v1": 34, "dev_zero_count_v1": 3672, "dev_total_v1": 3750, "dev_sum_v1": 10, "dev_ratio_v1": 0.27, "gi_pressure_score_v1": 0.005, "gi_conservation_score_v1": 0.0, "terrain_dev_type_v1": "F_安定低適地", "priority_rank_v1": 2, "dev_ratio": 0.45333333333333331, "gi_pressure_score": 0.009, "gi_conservation_score": 0.0, "terrain_dev_type": "F_安定低適地", "priority_rank": 3 }, "geometry": { "type": "Polygon", "coordinates": [ [ [ 135.65625, 34.904166666666669 ], [ 135.65625, 34.908333333333339 ], [ 135.65, 34.908333333333339 ], [ 135.65, 34.904166666666669 ], [ 135.65625, 34.904166666666669 ] ] ] } },
{ "type": "Feature", "properties": { "mesh4_code": "523525824", "gi_score_mode": 1.5, "n_valid": 64, "infil_suitable_ratio": null, "paddy_frac": 0.0040190513, "diversity_mean": 0.61599374, "lc_valid": 625, "urban_frac": 0.048, "forest_frac": 0.7216, "agri_frac": 0.0112, "paddy_jaxa": 0.0, "water_jaxa": 0.0, "dev_ratio_v2_2020_2024": 0.5066666666666666, "terrain_dev_type_v2_2020_2024": "F_安定低適地", "dev_ratio_v2_2011_2022": 5.1466666666666665, "terrain_dev_type_v2_2011_2022": "D_開発監視地", "dev_pos_count_v1": 11, "dev_neg_count_v1": 29, "dev_zero_count_v1": 3710, "dev_total_v1": 3750, "dev_sum_v1": -18, "dev_ratio_v1": -0.48, "gi_pressure_score_v1": 0.0, "gi_conservation_score_v1": 0.007, "terrain_dev_type_v1": "F_安定低適地", "priority_rank_v1": 2, "dev_ratio": 0.5066666666666666, "gi_pressure_score": 0.008, "gi_conservation_score": 0.0, "terrain_dev_type": "F_安定低適地", "priority_rank": 3 }, "geometry": { "type": "Polygon", "coordinates": [ [ [ 135.6625, 34.904166666666669 ], [ 135.6625, 34.908333333333339 ], [ 135.65625, 34.908333333333339 ], [ 135.65625, 34.904166666666669 ], [ 135.6625, 34.904166666666669 ] ] ] } },
{ "type": "Feature", "properties": { "mesh4_code": "523525833", "gi_score_mode": 2.0, "n_valid": 64, "infil_suitable_ratio": null, "paddy_frac": 0.0023343358, "diversity_mean": 0.40306139, "lc_valid": 625, "urban_frac": 0.0, "forest_frac": 0.9392, "agri_frac": 0.0016, "paddy_jaxa": 0.0, "water_jaxa": 0.0, "dev_ratio_v2_2020_2024": 0.0, "terrain_dev_type_v2_2020_2024": "F_安定低適地", "dev_ratio_v2_2011_2022": 0.0, "terrain_dev_type_v2_2011_2022": "F_安定低適地", "dev_pos_count_v1": 0, "dev_neg_count_v1": 0, "dev_zero_count_v1": 3750, "dev_total_v1": 3750, "dev_sum_v1": 0, "dev_ratio_v1": 0.0, "gi_pressure_score_v1": 0.0, "gi_conservation_score_v1": 0.0, "terrain_dev_type_v1": "F_安定低適地", "priority_rank_v1": 1, "dev_ratio": 0.0, "gi_pressure_score": 0.0, "gi_conservation_score": 0.0, "terrain_dev_type": "F_安定低適地", "priority_rank": 1 }, "geometry": { "type": "Polygon", "coordinates": [ [ [ 135.66875, 34.904166666666669 ], [ 135.66875, 34.908333333333339 ], [ 135.6625, 34.908333333333339 ], [ 135.6625, 34.904166666666669 ], [ 135.66875, 34.904166666666669 ] ] ] } },
{ "type": "Feature", "properties": { "mesh4_code": "523525834", "gi_score_mode": 2.0, "n_valid": 64, "infil_suitable_ratio": null, "paddy_frac": 0.0, "diversity_mean": 0.43949941, "lc_valid": 625, "urban_frac": 0.0, "forest_frac": 0.88, "agri_frac": 0.0, "paddy_jaxa": 0.0, "water_jaxa": 0.0, "dev_ratio_v2_2020_2024": 0.0, "terrain_dev_type_v2_2020_2024": "F_安定低適地", "dev_ratio_v2_2011_2022": 0.0, "terrain_dev_type_v2_2011_2022": "F_安定低適地", "dev_pos_count_v1": 0, "dev_neg_count_v1": 0, "dev_zero_count_v1": 3750, "dev_total_v1": 3750, "dev_sum_v1": 0, "dev_ratio_v1": 0.0, "gi_pressure_score_v1": 0.0, "gi_conservation_score_v1": 0.0, "terrain_dev_type_v1": "F_安定低適地", "priority_rank_v1": 1, "dev_ratio": 0.0, "gi_pressure_score": 0.0, "gi_conservation_score": 0.0, "terrain_dev_type": "F_安定低適地", "priority_rank": 1 }, "geometry": { "type": "Polygon", "coordinates": [ [ [ 135.675, 34.904166666666669 ], [ 135.675, 34.908333333333339 ], [ 135.66875, 34.908333333333339 ], [ 135.66875, 34.904166666666669 ], [ 135.675, 34.904166666666669 ] ] ] } },
{ "type": "Feature", "properties": { "mesh4_code": "523525843", "gi_score_mode": 2.0, "n_valid": 64, "infil_suitable_ratio": 1.0, "paddy_frac": 0.008988237, "diversity_mean": 0.62244576, "lc_valid": 625, "urban_frac": 0.0096, "forest_frac": 0.2656, "agri_frac": 0.0016, "paddy_jaxa": 0.0, "water_jaxa": 0.0, "dev_ratio_v2_2020_2024": -0.053333333333333302, "terrain_dev_type_v2_2020_2024": "F_安定低適地", "dev_ratio_v2_2011_2022": 0.90666666666666684, "terrain_dev_type_v2_2011_2022": "F_安定低適地", "dev_pos_count_v1": 4, "dev_neg_count_v1": 2, "dev_zero_count_v1": 3744, "dev_total_v1": 3750, "dev_sum_v1": 2, "dev_ratio_v1": 0.05, "gi_pressure_score_v1": 0.001, "gi_conservation_score_v1": 0.0, "terrain_dev_type_v1": "F_安定低適地", "priority_rank_v1": 2, "dev_ratio": -0.053333333333333302, "gi_pressure_score": 0.0, "gi_conservation_score": 0.001, "terrain_dev_type": "F_安定低適地", "priority_rank": 1 }, "geometry": { "type": "Polygon", "coordinates": [ [ [ 135.68125, 34.904166666666669 ], [ 135.68125, 34.908333333333339 ], [ 135.675, 34.908333333333339 ], [ 135.675, 34.904166666666669 ], [ 135.68125, 34.904166666666669 ] ] ] } },
{ "type": "Feature", "properties": { "mesh4_code": "523524994", "gi_score_mode": 2.0, "n_valid": 64, "infil_suitable_ratio": null, "paddy_frac": 0.0, "diversity_mean": 0.45580471, "lc_valid": 625, "urban_frac": 0.0048, "forest_frac": 0.72, "agri_frac": 0.1552, "paddy_jaxa": 0.0, "water_jaxa": 0.0, "dev_ratio_v2_2020_2024": -0.4, "terrain_dev_type_v2_2020_2024": "F_安定低適地", "dev_ratio_v2_2011_2022": 5.4133333333333331, "terrain_dev_type_v2_2011_2022": "D_開発監視地", "dev_pos_count_v1": 33, "dev_neg_count_v1": 21, "dev_zero_count_v1": 3696, "dev_total_v1": 3750, "dev_sum_v1": 12, "dev_ratio_v1": 0.32, "gi_pressure_score_v1": 0.006, "gi_conservation_score_v1": 0.0, "terrain_dev_type_v1": "F_安定低適地", "priority_rank_v1": 2, "dev_ratio": -0.4, "gi_pressure_score": 0.0, "gi_conservation_score": 0.008, "terrain_dev_type": "F_安定低適地", "priority_rank": 1 }, "geometry": { "type": "Polygon", "coordinates": [ [ [ 135.625, 34.9125 ], [ 135.625, 34.916666666666671 ], [ 135.61875, 34.916666666666671 ], [ 135.61875, 34.9125 ], [ 135.625, 34.9125 ] ] ] } },
{ "type": "Feature", "properties": { "mesh4_code": "523525903", "gi_score_mode": 1.5, "n_valid": 64, "infil_suitable_ratio": null, "paddy_frac": 0.0, "diversity_mean": 0.49580508, "lc_valid": 625, "urban_frac": 0.0, "forest_frac": 0.9136, "agri_frac": 0.0208, "paddy_jaxa": 0.0, "water_jaxa": 0.0, "dev_ratio_v2_2020_2024": -0.37333333333333329, "terrain_dev_type_v2_2020_2024": "F_安定低適地", "dev_ratio_v2_2011_2022": 0.24, "terrain_dev_type_v2_2011_2022": "F_安定低適地", "dev_pos_count_v1": 14, "dev_neg_count_v1": 0, "dev_zero_count_v1": 3736, "dev_total_v1": 3750, "dev_sum_v1": 14, "dev_ratio_v1": 0.37, "gi_pressure_score_v1": 0.006, "gi_conservation_score_v1": 0.0, "terrain_dev_type_v1": "F_安定低適地", "priority_rank_v1": 2, "dev_ratio": -0.37333333333333329, "gi_pressure_score": 0.0, "gi_conservation_score": 0.006, "terrain_dev_type": "F_安定低適地", "priority_rank": 1 }, "geometry": { "type": "Polygon", "coordinates": [ [ [ 135.63125, 34.9125 ], [ 135.63125, 34.916666666666671 ], [ 135.625, 34.916666666666671 ], [ 135.625, 34.9125 ], [ 135.63125, 34.9125 ] ] ] } },
{ "type": "Feature", "properties": { "mesh4_code": "523525904", "gi_score_mode": 1.5, "n_valid": 64, "infil_suitable_ratio": null, "paddy_frac": 0.0, "diversity_mean": 0.44021943, "lc_valid": 625, "urban_frac": 0.0016, "forest_frac": 0.7584, "agri_frac": 0.0592, "paddy_jaxa": 0.0, "water_jaxa": 0.0, "dev_ratio_v2_2020_2024": -0.1333333333333333, "terrain_dev_type_v2_2020_2024": "F_安定低適地", "dev_ratio_v2_2011_2022": 1.2533333333333334, "terrain_dev_type_v2_2011_2022": "F_安定低適地", "dev_pos_count_v1": 10, "dev_neg_count_v1": 5, "dev_zero_count_v1": 3735, "dev_total_v1": 3750, "dev_sum_v1": 5, "dev_ratio_v1": 0.13, "gi_pressure_score_v1": 0.002, "gi_conservation_score_v1": 0.0, "terrain_dev_type_v1": "F_安定低適地", "priority_rank_v1": 2, "dev_ratio": -0.1333333333333333, "gi_pressure_score": 0.0, "gi_conservation_score": 0.002, "terrain_dev_type": "F_安定低適地", "priority_rank": 1 }, "geometry": { "type": "Polygon", "coordinates": [ [ [ 135.6375, 34.9125 ], [ 135.6375, 34.916666666666671 ], [ 135.63125, 34.916666666666671 ], [ 135.63125, 34.9125 ], [ 135.6375, 34.9125 ] ] ] } },
{ "type": "Feature", "properties": { "mesh4_code": "523525913", "gi_score_mode": 1.5, "n_valid": 64, "infil_suitable_ratio": null, "paddy_frac": 0.0, "diversity_mean": 0.52842021, "lc_valid": 625, "urban_frac": 0.0224, "forest_frac": 0.8944, "agri_frac": 0.0112, "paddy_jaxa": 0.0, "water_jaxa": 0.0, "dev_ratio_v2_2020_2024": -0.64, "terrain_dev_type_v2_2020_2024": "F_安定低適地", "dev_ratio_v2_2011_2022": 3.813333333333333, "terrain_dev_type_v2_2011_2022": "F_安定低適地", "dev_pos_count_v1": 36, "dev_neg_count_v1": 4, "dev_zero_count_v1": 3710, "dev_total_v1": 3750, "dev_sum_v1": 32, "dev_ratio_v1": 0.85, "gi_pressure_score_v1": 0.013, "gi_conservation_score_v1": 0.0, "terrain_dev_type_v1": "F_安定低適地", "priority_rank_v1": 2, "dev_ratio": -0.64, "gi_pressure_score": 0.0, "gi_conservation_score": 0.01, "terrain_dev_type": "F_安定低適地", "priority_rank": 1 }, "geometry": { "type": "Polygon", "coordinates": [ [ [ 135.64375, 34.9125 ], [ 135.64375, 34.916666666666671 ], [ 135.6375, 34.916666666666671 ], [ 135.6375, 34.9125 ], [ 135.64375, 34.9125 ] ] ] } },
{ "type": "Feature", "properties": { "mesh4_code": "523525914", "gi_score_mode": 2.0, "n_valid": 64, "infil_suitable_ratio": null, "paddy_frac": 0.0043042237, "diversity_mean": 0.61112279, "lc_valid": 625, "urban_frac": 0.024, "forest_frac": 0.808, "agri_frac": 0.0704, "paddy_jaxa": 0.0, "water_jaxa": 0.0, "dev_ratio_v2_2020_2024": -0.29333333333333328, "terrain_dev_type_v2_2020_2024": "F_安定低適地", "dev_ratio_v2_2011_2022": 1.8666666666666669, "terrain_dev_type_v2_2011_2022": "F_安定低適地", "dev_pos_count_v1": 22, "dev_neg_count_v1": 17, "dev_zero_count_v1": 3711, "dev_total_v1": 3750, "dev_sum_v1": 5, "dev_ratio_v1": 0.13, "gi_pressure_score_v1": 0.003, "gi_conservation_score_v1": 0.0, "terrain_dev_type_v1": "F_安定低適地", "priority_rank_v1": 2, "dev_ratio": -0.29333333333333328, "gi_pressure_score": 0.0, "gi_conservation_score": 0.006, "terrain_dev_type": "F_安定低適地", "priority_rank": 1 }, "geometry": { "type": "Polygon", "coordinates": [ [ [ 135.65, 34.9125 ], [ 135.65, 34.916666666666671 ], [ 135.64375, 34.916666666666671 ], [ 135.64375, 34.9125 ], [ 135.65, 34.9125 ] ] ] } },
{ "type": "Feature", "properties": { "mesh4_code": "523525923", "gi_score_mode": 1.0, "n_valid": 64, "infil_suitable_ratio": null, "paddy_frac": 0.019398771, "diversity_mean": 0.5222249, "lc_valid": 625, "urban_frac": 0.0752, "forest_frac": 0.688, "agri_frac": 0.048, "paddy_jaxa": 0.0, "water_jaxa": 0.0, "dev_ratio_v2_2020_2024": -0.90666666666666684, "terrain_dev_type_v2_2020_2024": "F_安定低適地", "dev_ratio_v2_2011_2022": 7.12, "terrain_dev_type_v2_2011_2022": "D_開発監視地", "dev_pos_count_v1": 49, "dev_neg_count_v1": 10, "dev_zero_count_v1": 3691, "dev_total_v1": 3750, "dev_sum_v1": 39, "dev_ratio_v1": 1.04, "gi_pressure_score_v1": 0.01, "gi_conservation_score_v1": 0.0, "terrain_dev_type_v1": "F_安定低適地", "priority_rank_v1": 2, "dev_ratio": -0.90666666666666684, "gi_pressure_score": 0.0, "gi_conservation_score": 0.009, "terrain_dev_type": "F_安定低適地", "priority_rank": 1 }, "geometry": { "type": "Polygon", "coordinates": [ [ [ 135.65625, 34.9125 ], [ 135.65625, 34.916666666666671 ], [ 135.65, 34.916666666666671 ], [ 135.65, 34.9125 ], [ 135.65625, 34.9125 ] ] ] } },
{ "type": "Feature", "properties": { "mesh4_code": "523525924", "gi_score_mode": 2.0, "n_valid": 64, "infil_suitable_ratio": null, "paddy_frac": 0.033152305, "diversity_mean": 0.58473837, "lc_valid": 625, "urban_frac": 0.0, "forest_frac": 0.7648, "agri_frac": 0.0064, "paddy_jaxa": 0.0, "water_jaxa": 0.0, "dev_ratio_v2_2020_2024": 0.0, "terrain_dev_type_v2_2020_2024": "F_安定低適地", "dev_ratio_v2_2011_2022": 0.08, "terrain_dev_type_v2_2011_2022": "F_安定低適地", "dev_pos_count_v1": 0, "dev_neg_count_v1": 0, "dev_zero_count_v1": 3750, "dev_total_v1": 3750, "dev_sum_v1": 0, "dev_ratio_v1": 0.0, "gi_pressure_score_v1": 0.0, "gi_conservation_score_v1": 0.0, "terrain_dev_type_v1": "F_安定低適地", "priority_rank_v1": 1, "dev_ratio": 0.0, "gi_pressure_score": 0.0, "gi_conservation_score": 0.0, "terrain_dev_type": "F_安定低適地", "priority_rank": 1 }, "geometry": { "type": "Polygon", "coordinates": [ [ [ 135.6625, 34.9125 ], [ 135.6625, 34.916666666666671 ], [ 135.65625, 34.916666666666671 ], [ 135.65625, 34.9125 ], [ 135.6625, 34.9125 ] ] ] } },
{ "type": "Feature", "properties": { "mesh4_code": "523524992", "gi_score_mode": 1.5, "n_valid": 64, "infil_suitable_ratio": null, "paddy_frac": 0.0015845292, "diversity_mean": 0.43341666, "lc_valid": 625, "urban_frac": 0.0, "forest_frac": 0.9776, "agri_frac": 0.0064, "paddy_jaxa": 0.0, "water_jaxa": 0.0, "dev_ratio_v2_2020_2024": -0.16, "terrain_dev_type_v2_2020_2024": "F_安定低適地", "dev_ratio_v2_2011_2022": 0.4, "terrain_dev_type_v2_2011_2022": "F_安定低適地", "dev_pos_count_v1": 7, "dev_neg_count_v1": 1, "dev_zero_count_v1": 3742, "dev_total_v1": 3750, "dev_sum_v1": 6, "dev_ratio_v1": 0.16, "gi_pressure_score_v1": 0.002, "gi_conservation_score_v1": 0.0, "terrain_dev_type_v1": "F_安定低適地", "priority_rank_v1": 2, "dev_ratio": -0.16, "gi_pressure_score": 0.0, "gi_conservation_score": 0.002, "terrain_dev_type": "F_安定低適地", "priority_rank": 1 }, "geometry": { "type": "Polygon", "coordinates": [ [ [ 135.625, 34.908333333333331 ], [ 135.625, 34.9125 ], [ 135.61875, 34.9125 ], [ 135.61875, 34.908333333333331 ], [ 135.625, 34.908333333333331 ] ] ] } },
{ "type": "Feature", "properties": { "mesh4_code": "523525901", "gi_score_mode": 1.0, "n_valid": 64, "infil_suitable_ratio": null, "paddy_frac": 0.0, "diversity_mean": 0.49510533, "lc_valid": 625, "urban_frac": 0.0, "forest_frac": 0.8368, "agri_frac": 0.048, "paddy_jaxa": 0.0, "water_jaxa": 0.0, "dev_ratio_v2_2020_2024": -3.7866666666666662, "terrain_dev_type_v2_2020_2024": "F_安定低適地", "dev_ratio_v2_2011_2022": 2.666666666666667, "terrain_dev_type_v2_2011_2022": "F_安定低適地", "dev_pos_count_v1": 148, "dev_neg_count_v1": 7, "dev_zero_count_v1": 3595, "dev_total_v1": 3750, "dev_sum_v1": 141, "dev_ratio_v1": 3.76, "gi_pressure_score_v1": 0.038, "gi_conservation_score_v1": 0.0, "terrain_dev_type_v1": "F_安定低適地", "priority_rank_v1": 3, "dev_ratio": -3.7866666666666662, "gi_pressure_score": 0.0, "gi_conservation_score": 0.038, "terrain_dev_type": "F_安定低適地", "priority_rank": 2 }, "geometry": { "type": "Polygon", "coordinates": [ [ [ 135.63125, 34.908333333333331 ], [ 135.63125, 34.9125 ], [ 135.625, 34.9125 ], [ 135.625, 34.908333333333331 ], [ 135.63125, 34.908333333333331 ] ] ] } },
{ "type": "Feature", "properties": { "mesh4_code": "523525902", "gi_score_mode": 1.5, "n_valid": 64, "infil_suitable_ratio": null, "paddy_frac": 0.0, "diversity_mean": 0.54860657, "lc_valid": 625, "urban_frac": 0.0, "forest_frac": 0.8928, "agri_frac": 0.024, "paddy_jaxa": 0.0, "water_jaxa": 0.0, "dev_ratio_v2_2020_2024": -0.77333333333333332, "terrain_dev_type_v2_2020_2024": "F_安定低適地", "dev_ratio_v2_2011_2022": 0.58666666666666667, "terrain_dev_type_v2_2011_2022": "F_安定低適地", "dev_pos_count_v1": 30, "dev_neg_count_v1": 1, "dev_zero_count_v1": 3719, "dev_total_v1": 3750, "dev_sum_v1": 29, "dev_ratio_v1": 0.77, "gi_pressure_score_v1": 0.012, "gi_conservation_score_v1": 0.0, "terrain_dev_type_v1": "F_安定低適地", "priority_rank_v1": 2, "dev_ratio": -0.77333333333333332, "gi_pressure_score": 0.0, "gi_conservation_score": 0.012, "terrain_dev_type": "F_安定低適地", "priority_rank": 1 }, "geometry": { "type": "Polygon", "coordinates": [ [ [ 135.6375, 34.908333333333331 ], [ 135.6375, 34.9125 ], [ 135.63125, 34.9125 ], [ 135.63125, 34.908333333333331 ], [ 135.6375, 34.908333333333331 ] ] ] } },
{ "type": "Feature", "properties": { "mesh4_code": "523525911", "gi_score_mode": 1.5, "n_valid": 64, "infil_suitable_ratio": null, "paddy_frac": 0.0, "diversity_mean": 0.52654898, "lc_valid": 625, "urban_frac": 0.0, "forest_frac": 0.9584, "agri_frac": 0.0048, "paddy_jaxa": 0.0, "water_jaxa": 0.0, "dev_ratio_v2_2020_2024": 0.0, "terrain_dev_type_v2_2020_2024": "F_安定低適地", "dev_ratio_v2_2011_2022": 0.0, "terrain_dev_type_v2_2011_2022": "F_安定低適地", "dev_pos_count_v1": 0, "dev_neg_count_v1": 0, "dev_zero_count_v1": 3750, "dev_total_v1": 3750, "dev_sum_v1": 0, "dev_ratio_v1": 0.0, "gi_pressure_score_v1": 0.0, "gi_conservation_score_v1": 0.0, "terrain_dev_type_v1": "F_安定低適地", "priority_rank_v1": 1, "dev_ratio": 0.0, "gi_pressure_score": 0.0, "gi_conservation_score": 0.0, "terrain_dev_type": "F_安定低適地", "priority_rank": 1 }, "geometry": { "type": "Polygon", "coordinates": [ [ [ 135.64375, 34.908333333333331 ], [ 135.64375, 34.9125 ], [ 135.6375, 34.9125 ], [ 135.6375, 34.908333333333331 ], [ 135.64375, 34.908333333333331 ] ] ] } },
{ "type": "Feature", "properties": { "mesh4_code": "523525912", "gi_score_mode": 2.0, "n_valid": 64, "infil_suitable_ratio": null, "paddy_frac": 0.00014459358, "diversity_mean": 0.50419998, "lc_valid": 625, "urban_frac": 0.0032, "forest_frac": 0.9536, "agri_frac": 0.0048, "paddy_jaxa": 0.0, "water_jaxa": 0.0, "dev_ratio_v2_2020_2024": 0.26666666666666661, "terrain_dev_type_v2_2020_2024": "F_安定低適地", "dev_ratio_v2_2011_2022": 0.34666666666666668, "terrain_dev_type_v2_2011_2022": "F_安定低適地", "dev_pos_count_v1": 0, "dev_neg_count_v1": 10, "dev_zero_count_v1": 3740, "dev_total_v1": 3750, "dev_sum_v1": -10, "dev_ratio_v1": -0.27, "gi_pressure_score_v1": 0.0, "gi_conservation_score_v1": 0.005, "terrain_dev_type_v1": "F_安定低適地", "priority_rank_v1": 2, "dev_ratio": 0.26666666666666661, "gi_pressure_score": 0.005, "gi_conservation_score": 0.0, "terrain_dev_type": "F_安定低適地", "priority_rank": 2 }, "geometry": { "type": "Polygon", "coordinates": [ [ [ 135.65, 34.908333333333331 ], [ 135.65, 34.9125 ], [ 135.64375, 34.9125 ], [ 135.64375, 34.908333333333331 ], [ 135.65, 34.908333333333331 ] ] ] } },
{ "type": "Feature", "properties": { "mesh4_code": "523525921", "gi_score_mode": 2.0, "n_valid": 64, "infil_suitable_ratio": null, "paddy_frac": 0.0051402822, "diversity_mean": 0.55370909, "lc_valid": 625, "urban_frac": 0.2096, "forest_frac": 0.6304, "agri_frac": 0.0416, "paddy_jaxa": 0.0, "water_jaxa": 0.0, "dev_ratio_v2_2020_2024": 1.8933333333333331, "terrain_dev_type_v2_2020_2024": "F_安定低適地", "dev_ratio_v2_2011_2022": 18.426666666666662, "terrain_dev_type_v2_2011_2022": "D_開発監視地", "dev_pos_count_v1": 60, "dev_neg_count_v1": 129, "dev_zero_count_v1": 3561, "dev_total_v1": 3750, "dev_sum_v1": -69, "dev_ratio_v1": -1.84, "gi_pressure_score_v1": 0.0, "gi_conservation_score_v1": 0.037, "terrain_dev_type_v1": "F_安定低適地", "priority_rank_v1": 2, "dev_ratio": 1.8933333333333331, "gi_pressure_score": 0.038, "gi_conservation_score": 0.0, "terrain_dev_type": "F_安定低適地", "priority_rank": 5 }, "geometry": { "type": "Polygon", "coordinates": [ [ [ 135.65625, 34.908333333333331 ], [ 135.65625, 34.9125 ], [ 135.65, 34.9125 ], [ 135.65, 34.908333333333331 ], [ 135.65625, 34.908333333333331 ] ] ] } },
{ "type": "Feature", "properties": { "mesh4_code": "523525922", "gi_score_mode": 1.5, "n_valid": 64, "infil_suitable_ratio": null, "paddy_frac": 0.031818219, "diversity_mean": 0.62510729, "lc_valid": 625, "urban_frac": 0.016, "forest_frac": 0.5344, "agri_frac": 0.0384, "paddy_jaxa": 0.0, "water_jaxa": 0.0, "dev_ratio_v2_2020_2024": -0.45333333333333331, "terrain_dev_type_v2_2020_2024": "F_安定低適地", "dev_ratio_v2_2011_2022": 2.2666666666666666, "terrain_dev_type_v2_2011_2022": "F_安定低適地", "dev_pos_count_v1": 23, "dev_neg_count_v1": 6, "dev_zero_count_v1": 3721, "dev_total_v1": 3750, "dev_sum_v1": 17, "dev_ratio_v1": 0.45, "gi_pressure_score_v1": 0.007, "gi_conservation_score_v1": 0.0, "terrain_dev_type_v1": "F_安定低適地", "priority_rank_v1": 2, "dev_ratio": -0.45333333333333331, "gi_pressure_score": 0.0, "gi_conservation_score": 0.007, "terrain_dev_type": "F_安定低適地", "priority_rank": 1 }, "geometry": { "type": "Polygon", "coordinates": [ [ [ 135.6625, 34.908333333333331 ], [ 135.6625, 34.9125 ], [ 135.65625, 34.9125 ], [ 135.65625, 34.908333333333331 ], [ 135.6625, 34.908333333333331 ] ] ] } },
{ "type": "Feature", "properties": { "mesh4_code": "523525931", "gi_score_mode": 2.0, "n_valid": 64, "infil_suitable_ratio": null, "paddy_frac": 0.021065552, "diversity_mean": 0.4595426, "lc_valid": 625, "urban_frac": 0.0, "forest_frac": 0.9664, "agri_frac": 0.0, "paddy_jaxa": 0.0, "water_jaxa": 0.0, "dev_ratio_v2_2020_2024": 0.0, "terrain_dev_type_v2_2020_2024": "F_安定低適地", "dev_ratio_v2_2011_2022": 0.0, "terrain_dev_type_v2_2011_2022": "F_安定低適地", "dev_pos_count_v1": 0, "dev_neg_count_v1": 0, "dev_zero_count_v1": 3750, "dev_total_v1": 3750, "dev_sum_v1": 0, "dev_ratio_v1": 0.0, "gi_pressure_score_v1": 0.0, "gi_conservation_score_v1": 0.0, "terrain_dev_type_v1": "F_安定低適地", "priority_rank_v1": 1, "dev_ratio": 0.0, "gi_pressure_score": 0.0, "gi_conservation_score": 0.0, "terrain_dev_type": "F_安定低適地", "priority_rank": 1 }, "geometry": { "type": "Polygon", "coordinates": [ [ [ 135.66875, 34.908333333333331 ], [ 135.66875, 34.9125 ], [ 135.6625, 34.9125 ], [ 135.6625, 34.908333333333331 ], [ 135.66875, 34.908333333333331 ] ] ] } },
{ "type": "Feature", "properties": { "mesh4_code": "523525932", "gi_score_mode": 2.0, "n_valid": 64, "infil_suitable_ratio": 1.0, "paddy_frac": 0.010156559, "diversity_mean": 0.53915185, "lc_valid": 625, "urban_frac": 0.0, "forest_frac": 0.7968, "agri_frac": 0.0, "paddy_jaxa": 0.0, "water_jaxa": 0.0, "dev_ratio_v2_2020_2024": 0.0, "terrain_dev_type_v2_2020_2024": "F_安定低適地", "dev_ratio_v2_2011_2022": 0.0, "terrain_dev_type_v2_2011_2022": "F_安定低適地", "dev_pos_count_v1": 0, "dev_neg_count_v1": 0, "dev_zero_count_v1": 3750, "dev_total_v1": 3750, "dev_sum_v1": 0, "dev_ratio_v1": 0.0, "gi_pressure_score_v1": 0.0, "gi_conservation_score_v1": 0.0, "terrain_dev_type_v1": "F_安定低適地", "priority_rank_v1": 1, "dev_ratio": 0.0, "gi_pressure_score": 0.0, "gi_conservation_score": 0.0, "terrain_dev_type": "F_安定低適地", "priority_rank": 1 }, "geometry": { "type": "Polygon", "coordinates": [ [ [ 135.675, 34.908333333333331 ], [ 135.675, 34.9125 ], [ 135.66875, 34.9125 ], [ 135.66875, 34.908333333333331 ], [ 135.675, 34.908333333333331 ] ] ] } },
{ "type": "Feature", "properties": { "mesh4_code": "523534092", "gi_score_mode": 1.5, "n_valid": 64, "infil_suitable_ratio": null, "paddy_frac": 0.0, "diversity_mean": 0.33381134, "lc_valid": 625, "urban_frac": 0.008, "forest_frac": 0.8016, "agri_frac": 0.1264, "paddy_jaxa": 0.0, "water_jaxa": 0.0016, "dev_ratio_v2_2020_2024": -2.4533333333333336, "terrain_dev_type_v2_2020_2024": "F_安定低適地", "dev_ratio_v2_2011_2022": 4.08, "terrain_dev_type_v2_2011_2022": "F_安定低適地", "dev_pos_count_v1": 108, "dev_neg_count_v1": 18, "dev_zero_count_v1": 3624, "dev_total_v1": 3750, "dev_sum_v1": 90, "dev_ratio_v1": 2.4, "gi_pressure_score_v1": 0.036, "gi_conservation_score_v1": 0.0, "terrain_dev_type_v1": "F_安定低適地", "priority_rank_v1": 3, "dev_ratio": -2.4533333333333336, "gi_pressure_score": 0.0, "gi_conservation_score": 0.037, "terrain_dev_type": "F_安定低適地", "priority_rank": 2 }, "geometry": { "type": "Polygon", "coordinates": [ [ [ 135.625, 34.916666666666664 ], [ 135.625, 34.920833333333334 ], [ 135.61875, 34.920833333333334 ], [ 135.61875, 34.916666666666664 ], [ 135.625, 34.916666666666664 ] ] ] } },
{ "type": "Feature", "properties": { "mesh4_code": "523535001", "gi_score_mode": 1.5, "n_valid": 64, "infil_suitable_ratio": null, "paddy_frac": 0.0, "diversity_mean": 0.47236642, "lc_valid": 625, "urban_frac": 0.0, "forest_frac": 0.8912, "agri_frac": 0.0656, "paddy_jaxa": 0.0, "water_jaxa": 0.0, "dev_ratio_v2_2020_2024": -0.56, "terrain_dev_type_v2_2020_2024": "F_安定低適地", "dev_ratio_v2_2011_2022": 1.5733333333333333, "terrain_dev_type_v2_2011_2022": "F_安定低適地", "dev_pos_count_v1": 32, "dev_neg_count_v1": 11, "dev_zero_count_v1": 3707, "dev_total_v1": 3750, "dev_sum_v1": 21, "dev_ratio_v1": 0.56, "gi_pressure_score_v1": 0.008, "gi_conservation_score_v1": 0.0, "terrain_dev_type_v1": "F_安定低適地", "priority_rank_v1": 2, "dev_ratio": -0.56, "gi_pressure_score": 0.0, "gi_conservation_score": 0.008, "terrain_dev_type": "F_安定低適地", "priority_rank": 1 }, "geometry": { "type": "Polygon", "coordinates": [ [ [ 135.63125, 34.916666666666664 ], [ 135.63125, 34.920833333333334 ], [ 135.625, 34.920833333333334 ], [ 135.625, 34.916666666666664 ], [ 135.63125, 34.916666666666664 ] ] ] } },
{ "type": "Feature", "properties": { "mesh4_code": "523535002", "gi_score_mode": 1.5, "n_valid": 64, "infil_suitable_ratio": null, "paddy_frac": 0.0, "diversity_mean": 0.31029487, "lc_valid": 625, "urban_frac": 0.0, "forest_frac": 0.784, "agri_frac": 0.0992, "paddy_jaxa": 0.0, "water_jaxa": 0.0, "dev_ratio_v2_2020_2024": 0.37333333333333329, "terrain_dev_type_v2_2020_2024": "F_安定低適地", "dev_ratio_v2_2011_2022": 2.3466666666666667, "terrain_dev_type_v2_2011_2022": "F_安定低適地", "dev_pos_count_v1": 0, "dev_neg_count_v1": 14, "dev_zero_count_v1": 3736, "dev_total_v1": 3750, "dev_sum_v1": -14, "dev_ratio_v1": -0.37, "gi_pressure_score_v1": 0.0, "gi_conservation_score_v1": 0.006, "terrain_dev_type_v1": "F_安定低適地", "priority_rank_v1": 2, "dev_ratio": 0.37333333333333329, "gi_pressure_score": 0.006, "gi_conservation_score": 0.0, "terrain_dev_type": "F_安定低適地", "priority_rank": 3 }, "geometry": { "type": "Polygon", "coordinates": [ [ [ 135.6375, 34.916666666666664 ], [ 135.6375, 34.920833333333334 ], [ 135.63125, 34.920833333333334 ], [ 135.63125, 34.916666666666664 ], [ 135.6375, 34.916666666666664 ] ] ] } },
{ "type": "Feature", "properties": { "mesh4_code": "523535011", "gi_score_mode": 2.0, "n_valid": 64, "infil_suitable_ratio": null, "paddy_frac": 0.0, "diversity_mean": 0.44477952, "lc_valid": 625, "urban_frac": 0.0, "forest_frac": 0.7968, "agri_frac": 0.12, "paddy_jaxa": 0.0, "water_jaxa": 0.0016, "dev_ratio_v2_2020_2024": -0.08, "terrain_dev_type_v2_2020_2024": "F_安定低適地", "dev_ratio_v2_2011_2022": 0.4, "terrain_dev_type_v2_2011_2022": "F_安定低適地", "dev_pos_count_v1": 5, "dev_neg_count_v1": 2, "dev_zero_count_v1": 3743, "dev_total_v1": 3750, "dev_sum_v1": 3, "dev_ratio_v1": 0.08, "gi_pressure_score_v1": 0.002, "gi_conservation_score_v1": 0.0, "terrain_dev_type_v1": "F_安定低適地", "priority_rank_v1": 2, "dev_ratio": -0.08, "gi_pressure_score": 0.0, "gi_conservation_score": 0.002, "terrain_dev_type": "F_安定低適地", "priority_rank": 1 }, "geometry": { "type": "Polygon", "coordinates": [ [ [ 135.64375, 34.916666666666664 ], [ 135.64375, 34.920833333333334 ], [ 135.6375, 34.920833333333334 ], [ 135.6375, 34.916666666666664 ], [ 135.64375, 34.916666666666664 ] ] ] } },
{ "type": "Feature", "properties": { "mesh4_code": "523535012", "gi_score_mode": 2.0, "n_valid": 64, "infil_suitable_ratio": null, "paddy_frac": 0.0022721242, "diversity_mean": 0.58675122, "lc_valid": 625, "urban_frac": 0.0384, "forest_frac": 0.3904, "agri_frac": 0.4832, "paddy_jaxa": 0.0, "water_jaxa": 0.0064, "dev_ratio_v2_2020_2024": -0.08, "terrain_dev_type_v2_2020_2024": "F_安定低適地", "dev_ratio_v2_2011_2022": 2.32, "terrain_dev_type_v2_2011_2022": "F_安定低適地", "dev_pos_count_v1": 26, "dev_neg_count_v1": 25, "dev_zero_count_v1": 3699, "dev_total_v1": 3750, "dev_sum_v1": 1, "dev_ratio_v1": 0.03, "gi_pressure_score_v1": 0.001, "gi_conservation_score_v1": 0.0, "terrain_dev_type_v1": "F_安定低適地", "priority_rank_v1": 2, "dev_ratio": -0.08, "gi_pressure_score": 0.0, "gi_conservation_score": 0.002, "terrain_dev_type": "F_安定低適地", "priority_rank": 1 }, "geometry": { "type": "Polygon", "coordinates": [ [ [ 135.65, 34.916666666666664 ], [ 135.65, 34.920833333333334 ], [ 135.64375, 34.920833333333334 ], [ 135.64375, 34.916666666666664 ], [ 135.65, 34.916666666666664 ] ] ] } },
{ "type": "Feature", "properties": { "mesh4_code": "523535021", "gi_score_mode": 1.0, "n_valid": 64, "infil_suitable_ratio": null, "paddy_frac": 0.014549751, "diversity_mean": 0.40119874, "lc_valid": 625, "urban_frac": 0.0, "forest_frac": 0.8928, "agri_frac": 0.0, "paddy_jaxa": 0.0, "water_jaxa": 0.0, "dev_ratio_v2_2020_2024": 0.0, "terrain_dev_type_v2_2020_2024": "F_安定低適地", "dev_ratio_v2_2011_2022": 0.0, "terrain_dev_type_v2_2011_2022": "F_安定低適地", "dev_pos_count_v1": 0, "dev_neg_count_v1": 0, "dev_zero_count_v1": 3750, "dev_total_v1": 3750, "dev_sum_v1": 0, "dev_ratio_v1": 0.0, "gi_pressure_score_v1": 0.0, "gi_conservation_score_v1": 0.0, "terrain_dev_type_v1": "F_安定低適地", "priority_rank_v1": 1, "dev_ratio": 0.0, "gi_pressure_score": 0.0, "gi_conservation_score": 0.0, "terrain_dev_type": "F_安定低適地", "priority_rank": 1 }, "geometry": { "type": "Polygon", "coordinates": [ [ [ 135.65625, 34.916666666666664 ], [ 135.65625, 34.920833333333334 ], [ 135.65, 34.920833333333334 ], [ 135.65, 34.916666666666664 ], [ 135.65625, 34.916666666666664 ] ] ] } },
{ "type": "Feature", "properties": { "mesh4_code": "523535022", "gi_score_mode": 2.0, "n_valid": 64, "infil_suitable_ratio": null, "paddy_frac": 0.0044026147, "diversity_mean": 0.44313568, "lc_valid": 625, "urban_frac": 0.0, "forest_frac": 0.9616, "agri_frac": 0.0, "paddy_jaxa": 0.0, "water_jaxa": 0.0, "dev_ratio_v2_2020_2024": 0.0, "terrain_dev_type_v2_2020_2024": "F_安定低適地", "dev_ratio_v2_2011_2022": 0.0, "terrain_dev_type_v2_2011_2022": "F_安定低適地", "dev_pos_count_v1": 0, "dev_neg_count_v1": 0, "dev_zero_count_v1": 3750, "dev_total_v1": 3750, "dev_sum_v1": 0, "dev_ratio_v1": 0.0, "gi_pressure_score_v1": 0.0, "gi_conservation_score_v1": 0.0, "terrain_dev_type_v1": "F_安定低適地", "priority_rank_v1": 1, "dev_ratio": 0.0, "gi_pressure_score": 0.0, "gi_conservation_score": 0.0, "terrain_dev_type": "F_安定低適地", "priority_rank": 1 }, "geometry": { "type": "Polygon", "coordinates": [ [ [ 135.6625, 34.916666666666664 ], [ 135.6625, 34.920833333333334 ], [ 135.65625, 34.920833333333334 ], [ 135.65625, 34.916666666666664 ], [ 135.6625, 34.916666666666664 ] ] ] } },
{ "type": "Feature", "properties": { "mesh4_code": "523534094", "gi_score_mode": 1.0, "n_valid": 64, "infil_suitable_ratio": null, "paddy_frac": 0.0, "diversity_mean": 0.20419583, "lc_valid": 625, "urban_frac": 0.0048, "forest_frac": 0.592, "agri_frac": 0.2432, "paddy_jaxa": 0.0, "water_jaxa": 0.0, "dev_ratio_v2_2020_2024": -6.666666666666667, "terrain_dev_type_v2_2020_2024": "E_低優先回復地", "dev_ratio_v2_2011_2022": 4.72, "terrain_dev_type_v2_2011_2022": "F_安定低適地", "dev_pos_count_v1": 316, "dev_neg_count_v1": 66, "dev_zero_count_v1": 3368, "dev_total_v1": 3750, "dev_sum_v1": 250, "dev_ratio_v1": 6.67, "gi_pressure_score_v1": 0.067, "gi_conservation_score_v1": 0.0, "terrain_dev_type_v1": "D_開発監視地", "priority_rank_v1": 4, "dev_ratio": -6.666666666666667, "gi_pressure_score": 0.0, "gi_conservation_score": 0.067, "terrain_dev_type": "E_低優先回復地", "priority_rank": 2 }, "geometry": { "type": "Polygon", "coordinates": [ [ [ 135.625, 34.920833333333334 ], [ 135.625, 34.925 ], [ 135.61875, 34.925 ], [ 135.61875, 34.920833333333334 ], [ 135.625, 34.920833333333334 ] ] ] } },
{ "type": "Feature", "properties": { "mesh4_code": "523535003", "gi_score_mode": 1.0, "n_valid": 64, "infil_suitable_ratio": null, "paddy_frac": 0.0, "diversity_mean": 0.37074444, "lc_valid": 625, "urban_frac": 0.0, "forest_frac": 1.0, "agri_frac": 0.0, "paddy_jaxa": 0.0, "water_jaxa": 0.0, "dev_ratio_v2_2020_2024": 0.053333333333333302, "terrain_dev_type_v2_2020_2024": "F_安定低適地", "dev_ratio_v2_2011_2022": 0.0, "terrain_dev_type_v2_2011_2022": "F_安定低適地", "dev_pos_count_v1": 0, "dev_neg_count_v1": 2, "dev_zero_count_v1": 3748, "dev_total_v1": 3750, "dev_sum_v1": -2, "dev_ratio_v1": -0.05, "gi_pressure_score_v1": 0.0, "gi_conservation_score_v1": 0.0, "terrain_dev_type_v1": "F_安定低適地", "priority_rank_v1": 1, "dev_ratio": 0.053333333333333302, "gi_pressure_score": 0.001, "gi_conservation_score": 0.0, "terrain_dev_type": "F_安定低適地", "priority_rank": 2 }, "geometry": { "type": "Polygon", "coordinates": [ [ [ 135.63125, 34.920833333333334 ], [ 135.63125, 34.925 ], [ 135.625, 34.925 ], [ 135.625, 34.920833333333334 ], [ 135.63125, 34.920833333333334 ] ] ] } },
{ "type": "Feature", "properties": { "mesh4_code": "523535004", "gi_score_mode": 1.5, "n_valid": 64, "infil_suitable_ratio": null, "paddy_frac": 0.0, "diversity_mean": 0.38698354, "lc_valid": 625, "urban_frac": 0.0048, "forest_frac": 0.84, "agri_frac": 0.0848, "paddy_jaxa": 0.0, "water_jaxa": 0.0, "dev_ratio_v2_2020_2024": 2.56, "terrain_dev_type_v2_2020_2024": "F_安定低適地", "dev_ratio_v2_2011_2022": 2.9333333333333331, "terrain_dev_type_v2_2011_2022": "F_安定低適地", "dev_pos_count_v1": 0, "dev_neg_count_v1": 96, "dev_zero_count_v1": 3654, "dev_total_v1": 3750, "dev_sum_v1": -96, "dev_ratio_v1": -2.56, "gi_pressure_score_v1": 0.0, "gi_conservation_score_v1": 0.038, "terrain_dev_type_v1": "F_安定低適地", "priority_rank_v1": 2, "dev_ratio": 2.56, "gi_pressure_score": 0.038, "gi_conservation_score": 0.0, "terrain_dev_type": "F_安定低適地", "priority_rank": 5 }, "geometry": { "type": "Polygon", "coordinates": [ [ [ 135.6375, 34.920833333333334 ], [ 135.6375, 34.925 ], [ 135.63125, 34.925 ], [ 135.63125, 34.920833333333334 ], [ 135.6375, 34.920833333333334 ] ] ] } },
{ "type": "Feature", "properties": { "mesh4_code": "523535013", "gi_score_mode": 2.0, "n_valid": 64, "infil_suitable_ratio": null, "paddy_frac": 0.0, "diversity_mean": 0.38785553, "lc_valid": 625, "urban_frac": 0.0, "forest_frac": 0.5792, "agri_frac": 0.2128, "paddy_jaxa": 0.0, "water_jaxa": 0.0, "dev_ratio_v2_2020_2024": -5.84, "terrain_dev_type_v2_2020_2024": "E_低優先回復地", "dev_ratio_v2_2011_2022": 4.7466666666666661, "terrain_dev_type_v2_2011_2022": "F_安定低適地", "dev_pos_count_v1": 228, "dev_neg_count_v1": 11, "dev_zero_count_v1": 3511, "dev_total_v1": 3750, "dev_sum_v1": 217, "dev_ratio_v1": 5.79, "gi_pressure_score_v1": 0.116, "gi_conservation_score_v1": 0.0, "terrain_dev_type_v1": "D_開発監視地", "priority_rank_v1": 4, "dev_ratio": -5.84, "gi_pressure_score": 0.0, "gi_conservation_score": 0.117, "terrain_dev_type": "E_低優先回復地", "priority_rank": 2 }, "geometry": { "type": "Polygon", "coordinates": [ [ [ 135.64375, 34.920833333333334 ], [ 135.64375, 34.925 ], [ 135.6375, 34.925 ], [ 135.6375, 34.920833333333334 ], [ 135.64375, 34.920833333333334 ] ] ] } },
{ "type": "Feature", "properties": { "mesh4_code": "523535014", "gi_score_mode": 2.0, "n_valid": 64, "infil_suitable_ratio": null, "paddy_frac": 0.0, "diversity_mean": 0.54198724, "lc_valid": 625, "urban_frac": 0.0, "forest_frac": 0.344, "agri_frac": 0.5248, "paddy_jaxa": 0.0, "water_jaxa": 0.0, "dev_ratio_v2_2020_2024": 0.1066666666666666, "terrain_dev_type_v2_2020_2024": "F_安定低適地", "dev_ratio_v2_2011_2022": 0.26666666666666661, "terrain_dev_type_v2_2011_2022": "F_安定低適地", "dev_pos_count_v1": 6, "dev_neg_count_v1": 6, "dev_zero_count_v1": 3738, "dev_total_v1": 3750, "dev_sum_v1": 0, "dev_ratio_v1": 0.0, "gi_pressure_score_v1": 0.0, "gi_conservation_score_v1": 0.0, "terrain_dev_type_v1": "F_安定低適地", "priority_rank_v1": 1, "dev_ratio": 0.1066666666666666, "gi_pressure_score": 0.002, "gi_conservation_score": 0.0, "terrain_dev_type": "F_安定低適地", "priority_rank": 2 }, "geometry": { "type": "Polygon", "coordinates": [ [ [ 135.65, 34.920833333333334 ], [ 135.65, 34.925 ], [ 135.64375, 34.925 ], [ 135.64375, 34.920833333333334 ], [ 135.65, 34.920833333333334 ] ] ] } },
{ "type": "Feature", "properties": { "mesh4_code": "523535023", "gi_score_mode": 2.0, "n_valid": 64, "infil_suitable_ratio": null, "paddy_frac": 0.0, "diversity_mean": 0.24875861, "lc_valid": 625, "urban_frac": 0.0, "forest_frac": 0.8624, "agri_frac": 0.0032, "paddy_jaxa": 0.0, "water_jaxa": 0.0, "dev_ratio_v2_2020_2024": 0.0, "terrain_dev_type_v2_2020_2024": "F_安定低適地", "dev_ratio_v2_2011_2022": 0.0, "terrain_dev_type_v2_2011_2022": "F_安定低適地", "dev_pos_count_v1": 0, "dev_neg_count_v1": 0, "dev_zero_count_v1": 3750, "dev_total_v1": 3750, "dev_sum_v1": 0, "dev_ratio_v1": 0.0, "gi_pressure_score_v1": 0.0, "gi_conservation_score_v1": 0.0, "terrain_dev_type_v1": "F_安定低適地", "priority_rank_v1": 1, "dev_ratio": 0.0, "gi_pressure_score": 0.0, "gi_conservation_score": 0.0, "terrain_dev_type": "F_安定低適地", "priority_rank": 1 }, "geometry": { "type": "Polygon", "coordinates": [ [ [ 135.65625, 34.920833333333334 ], [ 135.65625, 34.925 ], [ 135.65, 34.925 ], [ 135.65, 34.920833333333334 ], [ 135.65625, 34.920833333333334 ] ] ] } },
{ "type": "Feature", "properties": { "mesh4_code": "523535024", "gi_score_mode": 1.5, "n_valid": 64, "infil_suitable_ratio": null, "paddy_frac": 2.8071536e-05, "diversity_mean": 0.20553656, "lc_valid": 625, "urban_frac": 0.0, "forest_frac": 0.944, "agri_frac": 0.0, "paddy_jaxa": 0.0, "water_jaxa": 0.0, "dev_ratio_v2_2020_2024": 0.0, "terrain_dev_type_v2_2020_2024": "F_安定低適地", "dev_ratio_v2_2011_2022": 0.1066666666666666, "terrain_dev_type_v2_2011_2022": "F_安定低適地", "dev_pos_count_v1": 0, "dev_neg_count_v1": 0, "dev_zero_count_v1": 3750, "dev_total_v1": 3750, "dev_sum_v1": 0, "dev_ratio_v1": 0.0, "gi_pressure_score_v1": 0.0, "gi_conservation_score_v1": 0.0, "terrain_dev_type_v1": "F_安定低適地", "priority_rank_v1": 1, "dev_ratio": 0.0, "gi_pressure_score": 0.0, "gi_conservation_score": 0.0, "terrain_dev_type": "F_安定低適地", "priority_rank": 1 }, "geometry": { "type": "Polygon", "coordinates": [ [ [ 135.6625, 34.920833333333334 ], [ 135.6625, 34.925 ], [ 135.65625, 34.925 ], [ 135.65625, 34.920833333333334 ], [ 135.6625, 34.920833333333334 ] ] ] } },
{ "type": "Feature", "properties": { "mesh4_code": "523535301", "gi_score_mode": 2.0, "n_valid": 64, "infil_suitable_ratio": null, "paddy_frac": 0.00013373289, "diversity_mean": 0.1424953, "lc_valid": 625, "urban_frac": 0.0, "forest_frac": 0.9984, "agri_frac": 0.0, "paddy_jaxa": 0.0, "water_jaxa": 0.0, "dev_ratio_v2_2020_2024": 0.0, "terrain_dev_type_v2_2020_2024": "F_安定低適地", "dev_ratio_v2_2011_2022": 0.0, "terrain_dev_type_v2_2011_2022": "F_安定低適地", "dev_pos_count_v1": 0, "dev_neg_count_v1": 0, "dev_zero_count_v1": 3750, "dev_total_v1": 3750, "dev_sum_v1": 0, "dev_ratio_v1": 0.0, "gi_pressure_score_v1": 0.0, "gi_conservation_score_v1": 0.0, "terrain_dev_type_v1": "F_安定低適地", "priority_rank_v1": 1, "dev_ratio": 0.0, "gi_pressure_score": 0.0, "gi_conservation_score": 0.0, "terrain_dev_type": "F_安定低適地", "priority_rank": 1 }, "geometry": { "type": "Polygon", "coordinates": [ [ [ 135.63125, 34.941666666666663 ], [ 135.63125, 34.945833333333333 ], [ 135.625, 34.945833333333333 ], [ 135.625, 34.941666666666663 ], [ 135.63125, 34.941666666666663 ] ] ] } },
{ "type": "Feature", "properties": { "mesh4_code": "523534194", "gi_score_mode": 2.0, "n_valid": 64, "infil_suitable_ratio": null, "paddy_frac": 0.0, "diversity_mean": 0.41954768, "lc_valid": 625, "urban_frac": 0.0048, "forest_frac": 0.7696, "agri_frac": 0.072, "paddy_jaxa": 0.0, "water_jaxa": 0.0, "dev_ratio_v2_2020_2024": -1.4133333333333331, "terrain_dev_type_v2_2020_2024": "F_安定低適地", "dev_ratio_v2_2011_2022": 1.8666666666666669, "terrain_dev_type_v2_2011_2022": "F_安定低適地", "dev_pos_count_v1": 104, "dev_neg_count_v1": 55, "dev_zero_count_v1": 3591, "dev_total_v1": 3750, "dev_sum_v1": 49, "dev_ratio_v1": 1.31, "gi_pressure_score_v1": 0.026, "gi_conservation_score_v1": 0.0, "terrain_dev_type_v1": "F_安定低適地", "priority_rank_v1": 3, "dev_ratio": -1.4133333333333331, "gi_pressure_score": 0.0, "gi_conservation_score": 0.028, "terrain_dev_type": "F_安定低適地", "priority_rank": 2 }, "geometry": { "type": "Polygon", "coordinates": [ [ [ 135.625, 34.929166666666667 ], [ 135.625, 34.933333333333337 ], [ 135.61875, 34.933333333333337 ], [ 135.61875, 34.929166666666667 ], [ 135.625, 34.929166666666667 ] ] ] } },
{ "type": "Feature", "properties": { "mesh4_code": "523535103", "gi_score_mode": 1.5, "n_valid": 64, "infil_suitable_ratio": null, "paddy_frac": 0.0, "diversity_mean": 0.44475859, "lc_valid": 625, "urban_frac": 0.0, "forest_frac": 0.7968, "agri_frac": 0.04, "paddy_jaxa": 0.0, "water_jaxa": 0.0, "dev_ratio_v2_2020_2024": -0.77333333333333332, "terrain_dev_type_v2_2020_2024": "F_安定低適地", "dev_ratio_v2_2011_2022": 3.1733333333333338, "terrain_dev_type_v2_2011_2022": "F_安定低適地", "dev_pos_count_v1": 76, "dev_neg_count_v1": 48, "dev_zero_count_v1": 3626, "dev_total_v1": 3750, "dev_sum_v1": 28, "dev_ratio_v1": 0.75, "gi_pressure_score_v1": 0.011, "gi_conservation_score_v1": 0.0, "terrain_dev_type_v1": "F_安定低適地", "priority_rank_v1": 2, "dev_ratio": -0.77333333333333332, "gi_pressure_score": 0.0, "gi_conservation_score": 0.012, "terrain_dev_type": "F_安定低適地", "priority_rank": 1 }, "geometry": { "type": "Polygon", "coordinates": [ [ [ 135.63125, 34.929166666666667 ], [ 135.63125, 34.933333333333337 ], [ 135.625, 34.933333333333337 ], [ 135.625, 34.929166666666667 ], [ 135.63125, 34.929166666666667 ] ] ] } },
{ "type": "Feature", "properties": { "mesh4_code": "523535104", "gi_score_mode": 1.5, "n_valid": 64, "infil_suitable_ratio": null, "paddy_frac": 0.0, "diversity_mean": 0.36524048, "lc_valid": 625, "urban_frac": 0.0, "forest_frac": 0.9616, "agri_frac": 0.0016, "paddy_jaxa": 0.0, "water_jaxa": 0.0, "dev_ratio_v2_2020_2024": 0.6133333333333334, "terrain_dev_type_v2_2020_2024": "F_安定低適地", "dev_ratio_v2_2011_2022": 0.66666666666666674, "terrain_dev_type_v2_2011_2022": "F_安定低適地", "dev_pos_count_v1": 2, "dev_neg_count_v1": 25, "dev_zero_count_v1": 3723, "dev_total_v1": 3750, "dev_sum_v1": -23, "dev_ratio_v1": -0.61, "gi_pressure_score_v1": 0.0, "gi_conservation_score_v1": 0.009, "terrain_dev_type_v1": "F_安定低適地", "priority_rank_v1": 2, "dev_ratio": 0.6133333333333334, "gi_pressure_score": 0.009, "gi_conservation_score": 0.0, "terrain_dev_type": "F_安定低適地", "priority_rank": 3 }, "geometry": { "type": "Polygon", "coordinates": [ [ [ 135.6375, 34.929166666666667 ], [ 135.6375, 34.933333333333337 ], [ 135.63125, 34.933333333333337 ], [ 135.63125, 34.929166666666667 ], [ 135.6375, 34.929166666666667 ] ] ] } },
{ "type": "Feature", "properties": { "mesh4_code": "523535113", "gi_score_mode": 1.0, "n_valid": 64, "infil_suitable_ratio": null, "paddy_frac": 0.0, "diversity_mean": 0.34994775, "lc_valid": 625, "urban_frac": 0.0, "forest_frac": 0.968, "agri_frac": 0.0, "paddy_jaxa": 0.0, "water_jaxa": 0.0, "dev_ratio_v2_2020_2024": 0.0, "terrain_dev_type_v2_2020_2024": "F_安定低適地", "dev_ratio_v2_2011_2022": 0.0, "terrain_dev_type_v2_2011_2022": "F_安定低適地", "dev_pos_count_v1": 0, "dev_neg_count_v1": 0, "dev_zero_count_v1": 3750, "dev_total_v1": 3750, "dev_sum_v1": 0, "dev_ratio_v1": 0.0, "gi_pressure_score_v1": 0.0, "gi_conservation_score_v1": 0.0, "terrain_dev_type_v1": "F_安定低適地", "priority_rank_v1": 1, "dev_ratio": 0.0, "gi_pressure_score": 0.0, "gi_conservation_score": 0.0, "terrain_dev_type": "F_安定低適地", "priority_rank": 1 }, "geometry": { "type": "Polygon", "coordinates": [ [ [ 135.64375, 34.929166666666667 ], [ 135.64375, 34.933333333333337 ], [ 135.6375, 34.933333333333337 ], [ 135.6375, 34.929166666666667 ], [ 135.64375, 34.929166666666667 ] ] ] } },
{ "type": "Feature", "properties": { "mesh4_code": "523535114", "gi_score_mode": 2.0, "n_valid": 64, "infil_suitable_ratio": null, "paddy_frac": 0.0035774924, "diversity_mean": 0.36321139, "lc_valid": 625, "urban_frac": 0.0, "forest_frac": 0.9968, "agri_frac": 0.0, "paddy_jaxa": 0.0, "water_jaxa": 0.0, "dev_ratio_v2_2020_2024": 0.0, "terrain_dev_type_v2_2020_2024": "F_安定低適地", "dev_ratio_v2_2011_2022": 0.0, "terrain_dev_type_v2_2011_2022": "F_安定低適地", "dev_pos_count_v1": 0, "dev_neg_count_v1": 0, "dev_zero_count_v1": 3750, "dev_total_v1": 3750, "dev_sum_v1": 0, "dev_ratio_v1": 0.0, "gi_pressure_score_v1": 0.0, "gi_conservation_score_v1": 0.0, "terrain_dev_type_v1": "F_安定低適地", "priority_rank_v1": 1, "dev_ratio": 0.0, "gi_pressure_score": 0.0, "gi_conservation_score": 0.0, "terrain_dev_type": "F_安定低適地", "priority_rank": 1 }, "geometry": { "type": "Polygon", "coordinates": [ [ [ 135.65, 34.929166666666667 ], [ 135.65, 34.933333333333337 ], [ 135.64375, 34.933333333333337 ], [ 135.64375, 34.929166666666667 ], [ 135.65, 34.929166666666667 ] ] ] } },
{ "type": "Feature", "properties": { "mesh4_code": "523535123", "gi_score_mode": 1.5, "n_valid": 64, "infil_suitable_ratio": 1.0, "paddy_frac": 0.03999199, "diversity_mean": 0.36209735, "lc_valid": 625, "urban_frac": 0.0, "forest_frac": 0.9184, "agri_frac": 0.0, "paddy_jaxa": 0.0, "water_jaxa": 0.0, "dev_ratio_v2_2020_2024": 0.0, "terrain_dev_type_v2_2020_2024": "F_安定低適地", "dev_ratio_v2_2011_2022": 0.0, "terrain_dev_type_v2_2011_2022": "F_安定低適地", "dev_pos_count_v1": 0, "dev_neg_count_v1": 0, "dev_zero_count_v1": 3750, "dev_total_v1": 3750, "dev_sum_v1": 0, "dev_ratio_v1": 0.0, "gi_pressure_score_v1": 0.0, "gi_conservation_score_v1": 0.0, "terrain_dev_type_v1": "F_安定低適地", "priority_rank_v1": 1, "dev_ratio": 0.0, "gi_pressure_score": 0.0, "gi_conservation_score": 0.0, "terrain_dev_type": "F_安定低適地", "priority_rank": 1 }, "geometry": { "type": "Polygon", "coordinates": [ [ [ 135.65625, 34.929166666666667 ], [ 135.65625, 34.933333333333337 ], [ 135.65, 34.933333333333337 ], [ 135.65, 34.929166666666667 ], [ 135.65625, 34.929166666666667 ] ] ] } },
{ "type": "Feature", "properties": { "mesh4_code": "523534292", "gi_score_mode": 2.0, "n_valid": 64, "infil_suitable_ratio": null, "paddy_frac": 0.0, "diversity_mean": 0.43961668, "lc_valid": 625, "urban_frac": 0.0, "forest_frac": 0.936, "agri_frac": 0.0016, "paddy_jaxa": 0.0, "water_jaxa": 0.0, "dev_ratio_v2_2020_2024": 0.0, "terrain_dev_type_v2_2020_2024": "F_安定低適地", "dev_ratio_v2_2011_2022": 0.0, "terrain_dev_type_v2_2011_2022": "F_安定低適地", "dev_pos_count_v1": 0, "dev_neg_count_v1": 0, "dev_zero_count_v1": 3750, "dev_total_v1": 3750, "dev_sum_v1": 0, "dev_ratio_v1": 0.0, "gi_pressure_score_v1": 0.0, "gi_conservation_score_v1": 0.0, "terrain_dev_type_v1": "F_安定低適地", "priority_rank_v1": 1, "dev_ratio": 0.0, "gi_pressure_score": 0.0, "gi_conservation_score": 0.0, "terrain_dev_type": "F_安定低適地", "priority_rank": 1 }, "geometry": { "type": "Polygon", "coordinates": [ [ [ 135.625, 34.93333333333333 ], [ 135.625, 34.9375 ], [ 135.61875, 34.9375 ], [ 135.61875, 34.93333333333333 ], [ 135.625, 34.93333333333333 ] ] ] } },
{ "type": "Feature", "properties": { "mesh4_code": "523535201", "gi_score_mode": 2.0, "n_valid": 64, "infil_suitable_ratio": null, "paddy_frac": 0.00010321547, "diversity_mean": 0.3420724, "lc_valid": 625, "urban_frac": 0.0, "forest_frac": 0.9136, "agri_frac": 0.0048, "paddy_jaxa": 0.0, "water_jaxa": 0.0, "dev_ratio_v2_2020_2024": -0.53333333333333333, "terrain_dev_type_v2_2020_2024": "F_安定低適地", "dev_ratio_v2_2011_2022": 0.6133333333333334, "terrain_dev_type_v2_2011_2022": "F_安定低適地", "dev_pos_count_v1": 24, "dev_neg_count_v1": 4, "dev_zero_count_v1": 3722, "dev_total_v1": 3750, "dev_sum_v1": 20, "dev_ratio_v1": 0.53, "gi_pressure_score_v1": 0.011, "gi_conservation_score_v1": 0.0, "terrain_dev_type_v1": "F_安定低適地", "priority_rank_v1": 2, "dev_ratio": -0.53333333333333333, "gi_pressure_score": 0.0, "gi_conservation_score": 0.011, "terrain_dev_type": "F_安定低適地", "priority_rank": 1 }, "geometry": { "type": "Polygon", "coordinates": [ [ [ 135.63125, 34.93333333333333 ], [ 135.63125, 34.9375 ], [ 135.625, 34.9375 ], [ 135.625, 34.93333333333333 ], [ 135.63125, 34.93333333333333 ] ] ] } },
{ "type": "Feature", "properties": { "mesh4_code": "523535202", "gi_score_mode": 1.5, "n_valid": 64, "infil_suitable_ratio": null, "paddy_frac": 0.0056633949, "diversity_mean": 0.31698734, "lc_valid": 625, "urban_frac": 0.0, "forest_frac": 0.9296, "agri_frac": 0.0, "paddy_jaxa": 0.0, "water_jaxa": 0.0, "dev_ratio_v2_2020_2024": 0.0, "terrain_dev_type_v2_2020_2024": "F_安定低適地", "dev_ratio_v2_2011_2022": 0.0, "terrain_dev_type_v2_2011_2022": "F_安定低適地", "dev_pos_count_v1": 0, "dev_neg_count_v1": 0, "dev_zero_count_v1": 3750, "dev_total_v1": 3750, "dev_sum_v1": 0, "dev_ratio_v1": 0.0, "gi_pressure_score_v1": 0.0, "gi_conservation_score_v1": 0.0, "terrain_dev_type_v1": "F_安定低適地", "priority_rank_v1": 1, "dev_ratio": 0.0, "gi_pressure_score": 0.0, "gi_conservation_score": 0.0, "terrain_dev_type": "F_安定低適地", "priority_rank": 1 }, "geometry": { "type": "Polygon", "coordinates": [ [ [ 135.6375, 34.93333333333333 ], [ 135.6375, 34.9375 ], [ 135.63125, 34.9375 ], [ 135.63125, 34.93333333333333 ], [ 135.6375, 34.93333333333333 ] ] ] } },
{ "type": "Feature", "properties": { "mesh4_code": "523535211", "gi_score_mode": 2.0, "n_valid": 64, "infil_suitable_ratio": null, "paddy_frac": 0.002642052, "diversity_mean": 0.36056167, "lc_valid": 625, "urban_frac": 0.0, "forest_frac": 1.0, "agri_frac": 0.0, "paddy_jaxa": 0.0, "water_jaxa": 0.0, "dev_ratio_v2_2020_2024": 0.0, "terrain_dev_type_v2_2020_2024": "F_安定低適地", "dev_ratio_v2_2011_2022": 0.026666666666666599, "terrain_dev_type_v2_2011_2022": "F_安定低適地", "dev_pos_count_v1": 0, "dev_neg_count_v1": 0, "dev_zero_count_v1": 3750, "dev_total_v1": 3750, "dev_sum_v1": 0, "dev_ratio_v1": 0.0, "gi_pressure_score_v1": 0.0, "gi_conservation_score_v1": 0.0, "terrain_dev_type_v1": "F_安定低適地", "priority_rank_v1": 1, "dev_ratio": 0.0, "gi_pressure_score": 0.0, "gi_conservation_score": 0.0, "terrain_dev_type": "F_安定低適地", "priority_rank": 1 }, "geometry": { "type": "Polygon", "coordinates": [ [ [ 135.64375, 34.93333333333333 ], [ 135.64375, 34.9375 ], [ 135.6375, 34.9375 ], [ 135.6375, 34.93333333333333 ], [ 135.64375, 34.93333333333333 ] ] ] } },
{ "type": "Feature", "properties": { "mesh4_code": "523535212", "gi_score_mode": 1.0, "n_valid": 64, "infil_suitable_ratio": null, "paddy_frac": 0.024640881, "diversity_mean": 0.41217583, "lc_valid": 625, "urban_frac": 0.0, "forest_frac": 0.9664, "agri_frac": 0.0, "paddy_jaxa": 0.0, "water_jaxa": 0.0, "dev_ratio_v2_2020_2024": 0.0, "terrain_dev_type_v2_2020_2024": "F_安定低適地", "dev_ratio_v2_2011_2022": -0.08, "terrain_dev_type_v2_2011_2022": "F_安定低適地", "dev_pos_count_v1": 0, "dev_neg_count_v1": 0, "dev_zero_count_v1": 3750, "dev_total_v1": 3750, "dev_sum_v1": 0, "dev_ratio_v1": 0.0, "gi_pressure_score_v1": 0.0, "gi_conservation_score_v1": 0.0, "terrain_dev_type_v1": "F_安定低適地", "priority_rank_v1": 1, "dev_ratio": 0.0, "gi_pressure_score": 0.0, "gi_conservation_score": 0.0, "terrain_dev_type": "F_安定低適地", "priority_rank": 1 }, "geometry": { "type": "Polygon", "coordinates": [ [ [ 135.65, 34.93333333333333 ], [ 135.65, 34.9375 ], [ 135.64375, 34.9375 ], [ 135.64375, 34.93333333333333 ], [ 135.65, 34.93333333333333 ] ] ] } },
{ "type": "Feature", "properties": { "mesh4_code": "523534192", "gi_score_mode": 1.5, "n_valid": 64, "infil_suitable_ratio": null, "paddy_frac": 0.0, "diversity_mean": 0.23008603, "lc_valid": 625, "urban_frac": 0.0016, "forest_frac": 0.7248, "agri_frac": 0.192, "paddy_jaxa": 0.0, "water_jaxa": 0.0, "dev_ratio_v2_2020_2024": -1.7866666666666666, "terrain_dev_type_v2_2020_2024": "F_安定低適地", "dev_ratio_v2_2011_2022": 3.9466666666666654, "terrain_dev_type_v2_2011_2022": "F_安定低適地", "dev_pos_count_v1": 94, "dev_neg_count_v1": 27, "dev_zero_count_v1": 3629, "dev_total_v1": 3750, "dev_sum_v1": 67, "dev_ratio_v1": 1.79, "gi_pressure_score_v1": 0.027, "gi_conservation_score_v1": 0.0, "terrain_dev_type_v1": "F_安定低適地", "priority_rank_v1": 3, "dev_ratio": -1.7866666666666666, "gi_pressure_score": 0.0, "gi_conservation_score": 0.027, "terrain_dev_type": "F_安定低適地", "priority_rank": 2 }, "geometry": { "type": "Polygon", "coordinates": [ [ [ 135.625, 34.925 ], [ 135.625, 34.929166666666667 ], [ 135.61875, 34.929166666666667 ], [ 135.61875, 34.925 ], [ 135.625, 34.925 ] ] ] } },
{ "type": "Feature", "properties": { "mesh4_code": "523535101", "gi_score_mode": 1.5, "n_valid": 64, "infil_suitable_ratio": null, "paddy_frac": 0.0, "diversity_mean": 0.31577221, "lc_valid": 625, "urban_frac": 0.0032, "forest_frac": 0.7488, "agri_frac": 0.1456, "paddy_jaxa": 0.0, "water_jaxa": 0.0, "dev_ratio_v2_2020_2024": 3.5733333333333333, "terrain_dev_type_v2_2020_2024": "F_安定低適地", "dev_ratio_v2_2011_2022": 1.8666666666666669, "terrain_dev_type_v2_2011_2022": "F_安定低適地", "dev_pos_count_v1": 33, "dev_neg_count_v1": 167, "dev_zero_count_v1": 3550, "dev_total_v1": 3750, "dev_sum_v1": -134, "dev_ratio_v1": -3.57, "gi_pressure_score_v1": 0.0, "gi_conservation_score_v1": 0.054, "terrain_dev_type_v1": "F_安定低適地", "priority_rank_v1": 2, "dev_ratio": 3.5733333333333333, "gi_pressure_score": 0.054, "gi_conservation_score": 0.0, "terrain_dev_type": "F_安定低適地", "priority_rank": 5 }, "geometry": { "type": "Polygon", "coordinates": [ [ [ 135.63125, 34.925 ], [ 135.63125, 34.929166666666667 ], [ 135.625, 34.929166666666667 ], [ 135.625, 34.925 ], [ 135.63125, 34.925 ] ] ] } },
{ "type": "Feature", "properties": { "mesh4_code": "523535102", "gi_score_mode": 2.0, "n_valid": 64, "infil_suitable_ratio": null, "paddy_frac": 0.0, "diversity_mean": 0.40496302, "lc_valid": 625, "urban_frac": 0.0, "forest_frac": 0.9808, "agri_frac": 0.0, "paddy_jaxa": 0.0, "water_jaxa": 0.0, "dev_ratio_v2_2020_2024": 0.0, "terrain_dev_type_v2_2020_2024": "F_安定低適地", "dev_ratio_v2_2011_2022": 0.08, "terrain_dev_type_v2_2011_2022": "F_安定低適地", "dev_pos_count_v1": 0, "dev_neg_count_v1": 0, "dev_zero_count_v1": 3750, "dev_total_v1": 3750, "dev_sum_v1": 0, "dev_ratio_v1": 0.0, "gi_pressure_score_v1": 0.0, "gi_conservation_score_v1": 0.0, "terrain_dev_type_v1": "F_安定低適地", "priority_rank_v1": 1, "dev_ratio": 0.0, "gi_pressure_score": 0.0, "gi_conservation_score": 0.0, "terrain_dev_type": "F_安定低適地", "priority_rank": 1 }, "geometry": { "type": "Polygon", "coordinates": [ [ [ 135.6375, 34.925 ], [ 135.6375, 34.929166666666667 ], [ 135.63125, 34.929166666666667 ], [ 135.63125, 34.925 ], [ 135.6375, 34.925 ] ] ] } },
{ "type": "Feature", "properties": { "mesh4_code": "523535111", "gi_score_mode": 1.5, "n_valid": 64, "infil_suitable_ratio": null, "paddy_frac": 0.0, "diversity_mean": 0.38495493, "lc_valid": 625, "urban_frac": 0.0, "forest_frac": 0.8352, "agri_frac": 0.0496, "paddy_jaxa": 0.0, "water_jaxa": 0.0, "dev_ratio_v2_2020_2024": -0.72, "terrain_dev_type_v2_2020_2024": "F_安定低適地", "dev_ratio_v2_2011_2022": 0.77333333333333332, "terrain_dev_type_v2_2011_2022": "F_安定低適地", "dev_pos_count_v1": 31, "dev_neg_count_v1": 4, "dev_zero_count_v1": 3715, "dev_total_v1": 3750, "dev_sum_v1": 27, "dev_ratio_v1": 0.72, "gi_pressure_score_v1": 0.011, "gi_conservation_score_v1": 0.0, "terrain_dev_type_v1": "F_安定低適地", "priority_rank_v1": 2, "dev_ratio": -0.72, "gi_pressure_score": 0.0, "gi_conservation_score": 0.011, "terrain_dev_type": "F_安定低適地", "priority_rank": 1 }, "geometry": { "type": "Polygon", "coordinates": [ [ [ 135.64375, 34.925 ], [ 135.64375, 34.929166666666667 ], [ 135.6375, 34.929166666666667 ], [ 135.6375, 34.925 ], [ 135.64375, 34.925 ] ] ] } },
{ "type": "Feature", "properties": { "mesh4_code": "523535112", "gi_score_mode": 1.5, "n_valid": 64, "infil_suitable_ratio": null, "paddy_frac": 0.0, "diversity_mean": 0.48210785, "lc_valid": 625, "urban_frac": 0.0, "forest_frac": 0.8112, "agri_frac": 0.1456, "paddy_jaxa": 0.0, "water_jaxa": 0.0, "dev_ratio_v2_2020_2024": 0.0, "terrain_dev_type_v2_2020_2024": "F_安定低適地", "dev_ratio_v2_2011_2022": 0.0, "terrain_dev_type_v2_2011_2022": "F_安定低適地", "dev_pos_count_v1": 0, "dev_neg_count_v1": 0, "dev_zero_count_v1": 3750, "dev_total_v1": 3750, "dev_sum_v1": 0, "dev_ratio_v1": 0.0, "gi_pressure_score_v1": 0.0, "gi_conservation_score_v1": 0.0, "terrain_dev_type_v1": "F_安定低適地", "priority_rank_v1": 1, "dev_ratio": 0.0, "gi_pressure_score": 0.0, "gi_conservation_score": 0.0, "terrain_dev_type": "F_安定低適地", "priority_rank": 1 }, "geometry": { "type": "Polygon", "coordinates": [ [ [ 135.65, 34.925 ], [ 135.65, 34.929166666666667 ], [ 135.64375, 34.929166666666667 ], [ 135.64375, 34.925 ], [ 135.65, 34.925 ] ] ] } },
{ "type": "Feature", "properties": { "mesh4_code": "523535121", "gi_score_mode": 1.5, "n_valid": 64, "infil_suitable_ratio": null, "paddy_frac": 4.5753852e-05, "diversity_mean": 0.15466553, "lc_valid": 625, "urban_frac": 0.0, "forest_frac": 0.9008, "agri_frac": 0.0032, "paddy_jaxa": 0.0, "water_jaxa": 0.0, "dev_ratio_v2_2020_2024": 0.0, "terrain_dev_type_v2_2020_2024": "F_安定低適地", "dev_ratio_v2_2011_2022": 0.0, "terrain_dev_type_v2_2011_2022": "F_安定低適地", "dev_pos_count_v1": 0, "dev_neg_count_v1": 0, "dev_zero_count_v1": 3750, "dev_total_v1": 3750, "dev_sum_v1": 0, "dev_ratio_v1": 0.0, "gi_pressure_score_v1": 0.0, "gi_conservation_score_v1": 0.0, "terrain_dev_type_v1": "F_安定低適地", "priority_rank_v1": 1, "dev_ratio": 0.0, "gi_pressure_score": 0.0, "gi_conservation_score": 0.0, "terrain_dev_type": "F_安定低適地", "priority_rank": 1 }, "geometry": { "type": "Polygon", "coordinates": [ [ [ 135.65625, 34.925 ], [ 135.65625, 34.929166666666667 ], [ 135.65, 34.929166666666667 ], [ 135.65, 34.925 ], [ 135.65625, 34.925 ] ] ] } },
{ "type": "Feature", "properties": { "mesh4_code": "523535122", "gi_score_mode": 2.0, "n_valid": 64, "infil_suitable_ratio": null, "paddy_frac": 0.00025644203, "diversity_mean": 0.060836378, "lc_valid": 625, "urban_frac": 0.0, "forest_frac": 0.872, "agri_frac": 0.0, "paddy_jaxa": 0.0, "water_jaxa": 0.0, "dev_ratio_v2_2020_2024": 0.0, "terrain_dev_type_v2_2020_2024": "F_安定低適地", "dev_ratio_v2_2011_2022": 0.0, "terrain_dev_type_v2_2011_2022": "F_安定低適地", "dev_pos_count_v1": 0, "dev_neg_count_v1": 0, "dev_zero_count_v1": 3750, "dev_total_v1": 3750, "dev_sum_v1": 0, "dev_ratio_v1": 0.0, "gi_pressure_score_v1": 0.0, "gi_conservation_score_v1": 0.0, "terrain_dev_type_v1": "F_安定低適地", "priority_rank_v1": 1, "dev_ratio": 0.0, "gi_pressure_score": 0.0, "gi_conservation_score": 0.0, "terrain_dev_type": "F_安定低適地", "priority_rank": 1 }, "geometry": { "type": "Polygon", "coordinates": [ [ [ 135.6625, 34.925 ], [ 135.6625, 34.929166666666667 ], [ 135.65625, 34.929166666666667 ], [ 135.65625, 34.925 ], [ 135.6625, 34.925 ] ] ] } },
{ "type": "Feature", "properties": { "mesh4_code": "523534294", "gi_score_mode": 2.0, "n_valid": 64, "infil_suitable_ratio": null, "paddy_frac": 0.0, "diversity_mean": 0.36232349, "lc_valid": 625, "urban_frac": 0.0, "forest_frac": 0.9872, "agri_frac": 0.0, "paddy_jaxa": 0.0, "water_jaxa": 0.0, "dev_ratio_v2_2020_2024": 0.0, "terrain_dev_type_v2_2020_2024": "F_安定低適地", "dev_ratio_v2_2011_2022": 0.0, "terrain_dev_type_v2_2011_2022": "F_安定低適地", "dev_pos_count_v1": 0, "dev_neg_count_v1": 0, "dev_zero_count_v1": 3750, "dev_total_v1": 3750, "dev_sum_v1": 0, "dev_ratio_v1": 0.0, "gi_pressure_score_v1": 0.0, "gi_conservation_score_v1": 0.0, "terrain_dev_type_v1": "F_安定低適地", "priority_rank_v1": 1, "dev_ratio": 0.0, "gi_pressure_score": 0.0, "gi_conservation_score": 0.0, "terrain_dev_type": "F_安定低適地", "priority_rank": 1 }, "geometry": { "type": "Polygon", "coordinates": [ [ [ 135.625, 34.9375 ], [ 135.625, 34.94166666666667 ], [ 135.61875, 34.94166666666667 ], [ 135.61875, 34.9375 ], [ 135.625, 34.9375 ] ] ] } },
{ "type": "Feature", "properties": { "mesh4_code": "523535203", "gi_score_mode": 1.5, "n_valid": 64, "infil_suitable_ratio": null, "paddy_frac": 0.0011221356, "diversity_mean": 0.14583559, "lc_valid": 625, "urban_frac": 0.0016, "forest_frac": 0.9808, "agri_frac": 0.0, "paddy_jaxa": 0.0, "water_jaxa": 0.0, "dev_ratio_v2_2020_2024": -0.026666666666666599, "terrain_dev_type_v2_2020_2024": "F_安定低適地", "dev_ratio_v2_2011_2022": 0.26666666666666661, "terrain_dev_type_v2_2011_2022": "F_安定低適地", "dev_pos_count_v1": 3, "dev_neg_count_v1": 2, "dev_zero_count_v1": 3745, "dev_total_v1": 3750, "dev_sum_v1": 1, "dev_ratio_v1": 0.03, "gi_pressure_score_v1": 0.0, "gi_conservation_score_v1": 0.0, "terrain_dev_type_v1": "F_安定低適地", "priority_rank_v1": 1, "dev_ratio": -0.026666666666666599, "gi_pressure_score": 0.0, "gi_conservation_score": 0.0, "terrain_dev_type": "F_安定低適地", "priority_rank": 1 }, "geometry": { "type": "Polygon", "coordinates": [ [ [ 135.63125, 34.9375 ], [ 135.63125, 34.94166666666667 ], [ 135.625, 34.94166666666667 ], [ 135.625, 34.9375 ], [ 135.63125, 34.9375 ] ] ] } },
{ "type": "Feature", "properties": { "mesh4_code": "523535204", "gi_score_mode": 1.5, "n_valid": 64, "infil_suitable_ratio": null, "paddy_frac": 0.032909267, "diversity_mean": 0.29154032, "lc_valid": 625, "urban_frac": 0.0016, "forest_frac": 0.9232, "agri_frac": 0.0384, "paddy_jaxa": 0.0064, "water_jaxa": 0.0, "dev_ratio_v2_2020_2024": 0.1333333333333333, "terrain_dev_type_v2_2020_2024": "F_安定低適地", "dev_ratio_v2_2011_2022": 0.42666666666666669, "terrain_dev_type_v2_2011_2022": "F_安定低適地", "dev_pos_count_v1": 1, "dev_neg_count_v1": 6, "dev_zero_count_v1": 3743, "dev_total_v1": 3750, "dev_sum_v1": -5, "dev_ratio_v1": -0.13, "gi_pressure_score_v1": 0.0, "gi_conservation_score_v1": 0.002, "terrain_dev_type_v1": "F_安定低適地", "priority_rank_v1": 2, "dev_ratio": 0.1333333333333333, "gi_pressure_score": 0.002, "gi_conservation_score": 0.0, "terrain_dev_type": "F_安定低適地", "priority_rank": 2 }, "geometry": { "type": "Polygon", "coordinates": [ [ [ 135.6375, 34.9375 ], [ 135.6375, 34.94166666666667 ], [ 135.63125, 34.94166666666667 ], [ 135.63125, 34.9375 ], [ 135.6375, 34.9375 ] ] ] } },
{ "type": "Feature", "properties": { "mesh4_code": "523535213", "gi_score_mode": 1.5, "n_valid": 64, "infil_suitable_ratio": null, "paddy_frac": 0.026184566, "diversity_mean": 0.28678232, "lc_valid": 625, "urban_frac": 0.032, "forest_frac": 0.864, "agri_frac": 0.024, "paddy_jaxa": 0.008, "water_jaxa": 0.0, "dev_ratio_v2_2020_2024": -0.34666666666666668, "terrain_dev_type_v2_2020_2024": "F_安定低適地", "dev_ratio_v2_2011_2022": 3.84, "terrain_dev_type_v2_2011_2022": "F_安定低適地", "dev_pos_count_v1": 33, "dev_neg_count_v1": 18, "dev_zero_count_v1": 3699, "dev_total_v1": 3750, "dev_sum_v1": 15, "dev_ratio_v1": 0.4, "gi_pressure_score_v1": 0.006, "gi_conservation_score_v1": 0.0, "terrain_dev_type_v1": "F_安定低適地", "priority_rank_v1": 2, "dev_ratio": -0.34666666666666668, "gi_pressure_score": 0.0, "gi_conservation_score": 0.005, "terrain_dev_type": "F_安定低適地", "priority_rank": 1 }, "geometry": { "type": "Polygon", "coordinates": [ [ [ 135.64375, 34.9375 ], [ 135.64375, 34.94166666666667 ], [ 135.6375, 34.94166666666667 ], [ 135.6375, 34.9375 ], [ 135.64375, 34.9375 ] ] ] } }
]
}
